ISO-10303-21;
HEADER;
/* Generated by software containing ST-Developer
 * from STEP Tools, Inc. (www.steptools.com) 
 */

FILE_DESCRIPTION(
/* description */ (''),
/* implementation_level */ '2;1');

FILE_NAME(
/* name */ 'Case_Taped_GB.stp',
/* time_stamp */ '2026-01-04T09:54:46-05:00',
/* author */ ('4aida'),
/* organization */ (''),
/* preprocessor_version */ 'ST-DEVELOPER v20',
/* originating_system */ 'Autodesk Inventor 2024',
/* authorisation */ '');

FILE_SCHEMA (('AUTOMOTIVE_DESIGN { 1 0 10303 214 3 1 1 }'));
ENDSEC;

DATA;
#10=MECHANICAL_DESIGN_GEOMETRIC_PRESENTATION_REPRESENTATION('',(#13),#3344);
#11=SHAPE_REPRESENTATION_RELATIONSHIP('SRR','None',#3351,#12);
#12=ADVANCED_BREP_SHAPE_REPRESENTATION('',(#14),#3343);
#13=STYLED_ITEM('',(#3360),#14);
#14=MANIFOLD_SOLID_BREP('Solid1',#1871);
#15=CONICAL_SURFACE('',#1957,1.,1.02974425867665);
#16=CONICAL_SURFACE('',#1963,1.,1.02974425867665);
#17=CONICAL_SURFACE('',#1969,1.,1.02974425867665);
#18=CONICAL_SURFACE('',#1975,1.,1.02974425867665);
#19=CONICAL_SURFACE('',#1981,1.,1.02974425867665);
#20=CONICAL_SURFACE('',#1987,1.,1.02974425867665);
#21=CONICAL_SURFACE('',#1993,1.,1.02974425867665);
#22=CONICAL_SURFACE('',#1999,1.,1.02974425867665);
#23=CONICAL_SURFACE('',#2005,1.,1.02974425867665);
#24=CONICAL_SURFACE('',#2011,1.,1.02974425867665);
#25=CONICAL_SURFACE('',#2017,1.,1.02974425867665);
#26=CONICAL_SURFACE('',#2023,1.,1.02974425867665);
#27=CONICAL_SURFACE('',#2029,1.,1.02974425867665);
#28=CONICAL_SURFACE('',#2035,1.,1.02974425867665);
#29=CONICAL_SURFACE('',#2041,1.,1.02974425867665);
#30=CONICAL_SURFACE('',#2047,1.,1.02974425867665);
#31=CONICAL_SURFACE('',#2053,1.,1.02974425867665);
#32=CONICAL_SURFACE('',#2059,1.,1.02974425867665);
#33=CONICAL_SURFACE('',#2065,1.,1.02974425867665);
#34=CONICAL_SURFACE('',#2131,1.,1.02974425867665);
#35=FACE_BOUND('',#169,.T.);
#36=FACE_BOUND('',#174,.T.);
#37=FACE_BOUND('',#179,.T.);
#38=FACE_BOUND('',#184,.T.);
#39=FACE_BOUND('',#189,.T.);
#40=FACE_BOUND('',#191,.T.);
#41=FACE_BOUND('',#231,.T.);
#42=FACE_BOUND('',#255,.T.);
#43=FACE_BOUND('',#256,.T.);
#44=FACE_BOUND('',#257,.T.);
#45=FACE_BOUND('',#258,.T.);
#46=FACE_BOUND('',#259,.T.);
#47=FACE_BOUND('',#260,.T.);
#48=FACE_BOUND('',#264,.T.);
#49=PLANE('',#1909);
#50=PLANE('',#1913);
#51=PLANE('',#1914);
#52=PLANE('',#1916);
#53=PLANE('',#1920);
#54=PLANE('',#1921);
#55=PLANE('',#1923);
#56=PLANE('',#1927);
#57=PLANE('',#1928);
#58=PLANE('',#1930);
#59=PLANE('',#1934);
#60=PLANE('',#1935);
#61=PLANE('',#1937);
#62=PLANE('',#1938);
#63=PLANE('',#1942);
#64=PLANE('',#1944);
#65=PLANE('',#2066);
#66=PLANE('',#2134);
#67=PLANE('',#2139);
#68=FACE_OUTER_BOUND('',#160,.T.);
#69=FACE_OUTER_BOUND('',#161,.T.);
#70=FACE_OUTER_BOUND('',#162,.T.);
#71=FACE_OUTER_BOUND('',#163,.T.);
#72=FACE_OUTER_BOUND('',#164,.T.);
#73=FACE_OUTER_BOUND('',#165,.T.);
#74=FACE_OUTER_BOUND('',#166,.T.);
#75=FACE_OUTER_BOUND('',#167,.T.);
#76=FACE_OUTER_BOUND('',#168,.T.);
#77=FACE_OUTER_BOUND('',#170,.T.);
#78=FACE_OUTER_BOUND('',#171,.T.);
#79=FACE_OUTER_BOUND('',#172,.T.);
#80=FACE_OUTER_BOUND('',#173,.T.);
#81=FACE_OUTER_BOUND('',#175,.T.);
#82=FACE_OUTER_BOUND('',#176,.T.);
#83=FACE_OUTER_BOUND('',#177,.T.);
#84=FACE_OUTER_BOUND('',#178,.T.);
#85=FACE_OUTER_BOUND('',#180,.T.);
#86=FACE_OUTER_BOUND('',#181,.T.);
#87=FACE_OUTER_BOUND('',#182,.T.);
#88=FACE_OUTER_BOUND('',#183,.T.);
#89=FACE_OUTER_BOUND('',#185,.T.);
#90=FACE_OUTER_BOUND('',#186,.T.);
#91=FACE_OUTER_BOUND('',#187,.T.);
#92=FACE_OUTER_BOUND('',#188,.T.);
#93=FACE_OUTER_BOUND('',#190,.T.);
#94=FACE_OUTER_BOUND('',#192,.T.);
#95=FACE_OUTER_BOUND('',#193,.T.);
#96=FACE_OUTER_BOUND('',#194,.T.);
#97=FACE_OUTER_BOUND('',#195,.T.);
#98=FACE_OUTER_BOUND('',#196,.T.);
#99=FACE_OUTER_BOUND('',#197,.T.);
#100=FACE_OUTER_BOUND('',#198,.T.);
#101=FACE_OUTER_BOUND('',#199,.T.);
#102=FACE_OUTER_BOUND('',#200,.T.);
#103=FACE_OUTER_BOUND('',#201,.T.);
#104=FACE_OUTER_BOUND('',#202,.T.);
#105=FACE_OUTER_BOUND('',#203,.T.);
#106=FACE_OUTER_BOUND('',#204,.T.);
#107=FACE_OUTER_BOUND('',#205,.T.);
#108=FACE_OUTER_BOUND('',#206,.T.);
#109=FACE_OUTER_BOUND('',#207,.T.);
#110=FACE_OUTER_BOUND('',#208,.T.);
#111=FACE_OUTER_BOUND('',#209,.T.);
#112=FACE_OUTER_BOUND('',#210,.T.);
#113=FACE_OUTER_BOUND('',#211,.T.);
#114=FACE_OUTER_BOUND('',#212,.T.);
#115=FACE_OUTER_BOUND('',#213,.T.);
#116=FACE_OUTER_BOUND('',#214,.T.);
#117=FACE_OUTER_BOUND('',#215,.T.);
#118=FACE_OUTER_BOUND('',#216,.T.);
#119=FACE_OUTER_BOUND('',#217,.T.);
#120=FACE_OUTER_BOUND('',#218,.T.);
#121=FACE_OUTER_BOUND('',#219,.T.);
#122=FACE_OUTER_BOUND('',#220,.T.);
#123=FACE_OUTER_BOUND('',#221,.T.);
#124=FACE_OUTER_BOUND('',#222,.T.);
#125=FACE_OUTER_BOUND('',#223,.T.);
#126=FACE_OUTER_BOUND('',#224,.T.);
#127=FACE_OUTER_BOUND('',#225,.T.);
#128=FACE_OUTER_BOUND('',#226,.T.);
#129=FACE_OUTER_BOUND('',#227,.T.);
#130=FACE_OUTER_BOUND('',#228,.T.);
#131=FACE_OUTER_BOUND('',#229,.T.);
#132=FACE_OUTER_BOUND('',#230,.T.);
#133=FACE_OUTER_BOUND('',#232,.T.);
#134=FACE_OUTER_BOUND('',#233,.T.);
#135=FACE_OUTER_BOUND('',#234,.T.);
#136=FACE_OUTER_BOUND('',#235,.T.);
#137=FACE_OUTER_BOUND('',#236,.T.);
#138=FACE_OUTER_BOUND('',#237,.T.);
#139=FACE_OUTER_BOUND('',#238,.T.);
#140=FACE_OUTER_BOUND('',#239,.T.);
#141=FACE_OUTER_BOUND('',#240,.T.);
#142=FACE_OUTER_BOUND('',#241,.T.);
#143=FACE_OUTER_BOUND('',#242,.T.);
#144=FACE_OUTER_BOUND('',#243,.T.);
#145=FACE_OUTER_BOUND('',#244,.T.);
#146=FACE_OUTER_BOUND('',#245,.T.);
#147=FACE_OUTER_BOUND('',#246,.T.);
#148=FACE_OUTER_BOUND('',#247,.T.);
#149=FACE_OUTER_BOUND('',#248,.T.);
#150=FACE_OUTER_BOUND('',#249,.T.);
#151=FACE_OUTER_BOUND('',#250,.T.);
#152=FACE_OUTER_BOUND('',#251,.T.);
#153=FACE_OUTER_BOUND('',#252,.T.);
#154=FACE_OUTER_BOUND('',#253,.T.);
#155=FACE_OUTER_BOUND('',#254,.T.);
#156=FACE_OUTER_BOUND('',#261,.T.);
#157=FACE_OUTER_BOUND('',#262,.T.);
#158=FACE_OUTER_BOUND('',#263,.T.);
#159=FACE_OUTER_BOUND('',#265,.T.);
#160=EDGE_LOOP('',(#1158,#1159,#1160,#1161));
#161=EDGE_LOOP('',(#1162,#1163,#1164,#1165));
#162=EDGE_LOOP('',(#1166,#1167,#1168,#1169));
#163=EDGE_LOOP('',(#1170,#1171,#1172,#1173));
#164=EDGE_LOOP('',(#1174,#1175,#1176,#1177));
#165=EDGE_LOOP('',(#1178,#1179,#1180,#1181));
#166=EDGE_LOOP('',(#1182,#1183,#1184,#1185));
#167=EDGE_LOOP('',(#1186,#1187,#1188,#1189));
#168=EDGE_LOOP('',(#1190,#1191,#1192,#1193));
#169=EDGE_LOOP('',(#1194));
#170=EDGE_LOOP('',(#1195,#1196,#1197,#1198));
#171=EDGE_LOOP('',(#1199,#1200,#1201,#1202));
#172=EDGE_LOOP('',(#1203,#1204,#1205,#1206));
#173=EDGE_LOOP('',(#1207,#1208,#1209,#1210));
#174=EDGE_LOOP('',(#1211));
#175=EDGE_LOOP('',(#1212,#1213,#1214,#1215));
#176=EDGE_LOOP('',(#1216,#1217,#1218,#1219));
#177=EDGE_LOOP('',(#1220,#1221,#1222,#1223));
#178=EDGE_LOOP('',(#1224,#1225,#1226,#1227));
#179=EDGE_LOOP('',(#1228));
#180=EDGE_LOOP('',(#1229,#1230,#1231,#1232));
#181=EDGE_LOOP('',(#1233,#1234,#1235,#1236));
#182=EDGE_LOOP('',(#1237,#1238,#1239,#1240));
#183=EDGE_LOOP('',(#1241,#1242,#1243,#1244));
#184=EDGE_LOOP('',(#1245));
#185=EDGE_LOOP('',(#1246,#1247,#1248,#1249));
#186=EDGE_LOOP('',(#1250,#1251,#1252,#1253));
#187=EDGE_LOOP('',(#1254,#1255,#1256,#1257));
#188=EDGE_LOOP('',(#1258,#1259,#1260,#1261));
#189=EDGE_LOOP('',(#1262));
#190=EDGE_LOOP('',(#1263,#1264,#1265,#1266,#1267,#1268,#1269,#1270,#1271,
#1272,#1273,#1274,#1275,#1276,#1277,#1278,#1279,#1280,#1281,#1282,#1283));
#191=EDGE_LOOP('',(#1284));
#192=EDGE_LOOP('',(#1285,#1286,#1287,#1288,#1289,#1290,#1291,#1292));
#193=EDGE_LOOP('',(#1293,#1294,#1295));
#194=EDGE_LOOP('',(#1296,#1297,#1298,#1299,#1300,#1301,#1302,#1303));
#195=EDGE_LOOP('',(#1304,#1305,#1306));
#196=EDGE_LOOP('',(#1307,#1308,#1309,#1310,#1311,#1312,#1313,#1314));
#197=EDGE_LOOP('',(#1315,#1316,#1317));
#198=EDGE_LOOP('',(#1318,#1319,#1320,#1321,#1322,#1323,#1324,#1325));
#199=EDGE_LOOP('',(#1326,#1327,#1328));
#200=EDGE_LOOP('',(#1329,#1330,#1331,#1332,#1333,#1334,#1335,#1336));
#201=EDGE_LOOP('',(#1337,#1338,#1339));
#202=EDGE_LOOP('',(#1340,#1341,#1342,#1343,#1344,#1345,#1346,#1347));
#203=EDGE_LOOP('',(#1348,#1349,#1350));
#204=EDGE_LOOP('',(#1351,#1352,#1353,#1354,#1355,#1356,#1357,#1358));
#205=EDGE_LOOP('',(#1359,#1360,#1361));
#206=EDGE_LOOP('',(#1362,#1363,#1364,#1365,#1366,#1367,#1368,#1369));
#207=EDGE_LOOP('',(#1370,#1371,#1372));
#208=EDGE_LOOP('',(#1373,#1374,#1375,#1376,#1377,#1378,#1379,#1380));
#209=EDGE_LOOP('',(#1381,#1382,#1383));
#210=EDGE_LOOP('',(#1384,#1385,#1386,#1387,#1388,#1389,#1390,#1391));
#211=EDGE_LOOP('',(#1392,#1393,#1394));
#212=EDGE_LOOP('',(#1395,#1396,#1397,#1398,#1399,#1400,#1401,#1402));
#213=EDGE_LOOP('',(#1403,#1404,#1405));
#214=EDGE_LOOP('',(#1406,#1407,#1408,#1409,#1410,#1411,#1412,#1413));
#215=EDGE_LOOP('',(#1414,#1415,#1416));
#216=EDGE_LOOP('',(#1417,#1418,#1419,#1420,#1421,#1422,#1423,#1424));
#217=EDGE_LOOP('',(#1425,#1426,#1427));
#218=EDGE_LOOP('',(#1428,#1429,#1430,#1431,#1432,#1433,#1434,#1435));
#219=EDGE_LOOP('',(#1436,#1437,#1438));
#220=EDGE_LOOP('',(#1439,#1440,#1441,#1442,#1443,#1444,#1445,#1446));
#221=EDGE_LOOP('',(#1447,#1448,#1449));
#222=EDGE_LOOP('',(#1450,#1451,#1452,#1453,#1454,#1455,#1456,#1457));
#223=EDGE_LOOP('',(#1458,#1459,#1460));
#224=EDGE_LOOP('',(#1461,#1462,#1463,#1464,#1465,#1466,#1467,#1468));
#225=EDGE_LOOP('',(#1469,#1470,#1471));
#226=EDGE_LOOP('',(#1472,#1473,#1474,#1475,#1476,#1477,#1478,#1479));
#227=EDGE_LOOP('',(#1480,#1481,#1482));
#228=EDGE_LOOP('',(#1483,#1484,#1485,#1486,#1487,#1488,#1489,#1490));
#229=EDGE_LOOP('',(#1491,#1492,#1493));
#230=EDGE_LOOP('',(#1494,#1495,#1496,#1497,#1498,#1499,#1500,#1501,#1502,
#1503,#1504,#1505,#1506,#1507,#1508,#1509,#1510,#1511,#1512,#1513,#1514,
#1515,#1516,#1517,#1518,#1519,#1520,#1521,#1522,#1523,#1524,#1525,#1526,
#1527,#1528,#1529,#1530,#1531,#1532,#1533));
#231=EDGE_LOOP('',(#1534));
#232=EDGE_LOOP('',(#1535,#1536,#1537,#1538));
#233=EDGE_LOOP('',(#1539,#1540,#1541,#1542));
#234=EDGE_LOOP('',(#1543,#1544,#1545,#1546));
#235=EDGE_LOOP('',(#1547,#1548,#1549,#1550));
#236=EDGE_LOOP('',(#1551,#1552,#1553,#1554));
#237=EDGE_LOOP('',(#1555,#1556,#1557,#1558));
#238=EDGE_LOOP('',(#1559,#1560,#1561,#1562));
#239=EDGE_LOOP('',(#1563,#1564,#1565,#1566));
#240=EDGE_LOOP('',(#1567,#1568,#1569,#1570));
#241=EDGE_LOOP('',(#1571,#1572,#1573,#1574));
#242=EDGE_LOOP('',(#1575,#1576,#1577,#1578));
#243=EDGE_LOOP('',(#1579,#1580,#1581,#1582));
#244=EDGE_LOOP('',(#1583,#1584,#1585,#1586));
#245=EDGE_LOOP('',(#1587,#1588,#1589,#1590));
#246=EDGE_LOOP('',(#1591,#1592,#1593,#1594));
#247=EDGE_LOOP('',(#1595,#1596,#1597,#1598));
#248=EDGE_LOOP('',(#1599,#1600,#1601,#1602));
#249=EDGE_LOOP('',(#1603,#1604,#1605,#1606));
#250=EDGE_LOOP('',(#1607,#1608,#1609,#1610));
#251=EDGE_LOOP('',(#1611,#1612,#1613,#1614,#1615,#1616,#1617,#1618));
#252=EDGE_LOOP('',(#1619,#1620,#1621));
#253=EDGE_LOOP('',(#1622,#1623,#1624,#1625,#1626,#1627,#1628,#1629,#1630,
#1631,#1632,#1633,#1634,#1635,#1636,#1637,#1638,#1639,#1640,#1641,#1642,
#1643,#1644,#1645));
#254=EDGE_LOOP('',(#1646));
#255=EDGE_LOOP('',(#1647));
#256=EDGE_LOOP('',(#1648));
#257=EDGE_LOOP('',(#1649));
#258=EDGE_LOOP('',(#1650));
#259=EDGE_LOOP('',(#1651));
#260=EDGE_LOOP('',(#1652,#1653,#1654,#1655,#1656,#1657,#1658,#1659,#1660,
#1661,#1662,#1663,#1664,#1665,#1666,#1667,#1668,#1669,#1670,#1671,#1672,
#1673,#1674,#1675,#1676,#1677,#1678,#1679,#1680,#1681,#1682,#1683,#1684,
#1685,#1686,#1687,#1688,#1689,#1690,#1691,#1692,#1693,#1694,#1695,#1696,
#1697,#1698,#1699,#1700,#1701,#1702,#1703,#1704,#1705,#1706,#1707,#1708,
#1709,#1710,#1711));
#261=EDGE_LOOP('',(#1712,#1713,#1714,#1715));
#262=EDGE_LOOP('',(#1716,#1717,#1718,#1719));
#263=EDGE_LOOP('',(#1720));
#264=EDGE_LOOP('',(#1721));
#265=EDGE_LOOP('',(#1722,#1723,#1724,#1725));
#266=LINE('',#2773,#394);
#267=LINE('',#2779,#395);
#268=LINE('',#2785,#396);
#269=LINE('',#2791,#397);
#270=LINE('',#2797,#398);
#271=LINE('',#2802,#399);
#272=LINE('',#2804,#400);
#273=LINE('',#2806,#401);
#274=LINE('',#2807,#402);
#275=LINE('',#2812,#403);
#276=LINE('',#2816,#404);
#277=LINE('',#2818,#405);
#278=LINE('',#2819,#406);
#279=LINE('',#2825,#407);
#280=LINE('',#2827,#408);
#281=LINE('',#2829,#409);
#282=LINE('',#2830,#410);
#283=LINE('',#2835,#411);
#284=LINE('',#2839,#412);
#285=LINE('',#2841,#413);
#286=LINE('',#2842,#414);
#287=LINE('',#2848,#415);
#288=LINE('',#2850,#416);
#289=LINE('',#2852,#417);
#290=LINE('',#2853,#418);
#291=LINE('',#2858,#419);
#292=LINE('',#2862,#420);
#293=LINE('',#2864,#421);
#294=LINE('',#2865,#422);
#295=LINE('',#2871,#423);
#296=LINE('',#2873,#424);
#297=LINE('',#2875,#425);
#298=LINE('',#2876,#426);
#299=LINE('',#2881,#427);
#300=LINE('',#2885,#428);
#301=LINE('',#2887,#429);
#302=LINE('',#2888,#430);
#303=LINE('',#2894,#431);
#304=LINE('',#2896,#432);
#305=LINE('',#2898,#433);
#306=LINE('',#2899,#434);
#307=LINE('',#2903,#435);
#308=LINE('',#2905,#436);
#309=LINE('',#2907,#437);
#310=LINE('',#2908,#438);
#311=LINE('',#2927,#439);
#312=LINE('',#2931,#440);
#313=LINE('',#2936,#441);
#314=LINE('',#2940,#442);
#315=LINE('',#2944,#443);
#316=LINE('',#2948,#444);
#317=LINE('',#2953,#445);
#318=LINE('',#2957,#446);
#319=LINE('',#2961,#447);
#320=LINE('',#2965,#448);
#321=LINE('',#2970,#449);
#322=LINE('',#2974,#450);
#323=LINE('',#2978,#451);
#324=LINE('',#2982,#452);
#325=LINE('',#2987,#453);
#326=LINE('',#2991,#454);
#327=LINE('',#2995,#455);
#328=LINE('',#2999,#456);
#329=LINE('',#3004,#457);
#330=LINE('',#3008,#458);
#331=LINE('',#3012,#459);
#332=LINE('',#3016,#460);
#333=LINE('',#3021,#461);
#334=LINE('',#3025,#462);
#335=LINE('',#3029,#463);
#336=LINE('',#3033,#464);
#337=LINE('',#3038,#465);
#338=LINE('',#3042,#466);
#339=LINE('',#3046,#467);
#340=LINE('',#3050,#468);
#341=LINE('',#3055,#469);
#342=LINE('',#3059,#470);
#343=LINE('',#3063,#471);
#344=LINE('',#3067,#472);
#345=LINE('',#3072,#473);
#346=LINE('',#3076,#474);
#347=LINE('',#3080,#475);
#348=LINE('',#3084,#476);
#349=LINE('',#3089,#477);
#350=LINE('',#3093,#478);
#351=LINE('',#3097,#479);
#352=LINE('',#3101,#480);
#353=LINE('',#3106,#481);
#354=LINE('',#3110,#482);
#355=LINE('',#3114,#483);
#356=LINE('',#3118,#484);
#357=LINE('',#3123,#485);
#358=LINE('',#3127,#486);
#359=LINE('',#3131,#487);
#360=LINE('',#3135,#488);
#361=LINE('',#3140,#489);
#362=LINE('',#3144,#490);
#363=LINE('',#3148,#491);
#364=LINE('',#3152,#492);
#365=LINE('',#3157,#493);
#366=LINE('',#3161,#494);
#367=LINE('',#3165,#495);
#368=LINE('',#3169,#496);
#369=LINE('',#3174,#497);
#370=LINE('',#3178,#498);
#371=LINE('',#3182,#499);
#372=LINE('',#3186,#500);
#373=LINE('',#3191,#501);
#374=LINE('',#3195,#502);
#375=LINE('',#3199,#503);
#376=LINE('',#3203,#504);
#377=LINE('',#3208,#505);
#378=LINE('',#3212,#506);
#379=LINE('',#3216,#507);
#380=LINE('',#3220,#508);
#381=LINE('',#3225,#509);
#382=LINE('',#3229,#510);
#383=LINE('',#3233,#511);
#384=LINE('',#3237,#512);
#385=LINE('',#3242,#513);
#386=LINE('',#3246,#514);
#387=LINE('',#3276,#515);
#388=LINE('',#3279,#516);
#389=LINE('',#3319,#517);
#390=LINE('',#3324,#518);
#391=LINE('',#3328,#519);
#392=LINE('',#3334,#520);
#393=LINE('',#3340,#521);
#394=VECTOR('',#2148,2.1);
#395=VECTOR('',#2155,2.1);
#396=VECTOR('',#2162,2.1);
#397=VECTOR('',#2169,2.1);
#398=VECTOR('',#2176,2.1);
#399=VECTOR('',#2181,10.);
#400=VECTOR('',#2182,10.);
#401=VECTOR('',#2183,10.);
#402=VECTOR('',#2184,10.);
#403=VECTOR('',#2189,10.);
#404=VECTOR('',#2194,10.);
#405=VECTOR('',#2195,10.);
#406=VECTOR('',#2196,10.);
#407=VECTOR('',#2203,10.);
#408=VECTOR('',#2204,10.);
#409=VECTOR('',#2205,10.);
#410=VECTOR('',#2206,10.);
#411=VECTOR('',#2211,10.);
#412=VECTOR('',#2216,10.);
#413=VECTOR('',#2217,10.);
#414=VECTOR('',#2218,10.);
#415=VECTOR('',#2225,10.);
#416=VECTOR('',#2226,10.);
#417=VECTOR('',#2227,10.);
#418=VECTOR('',#2228,10.);
#419=VECTOR('',#2233,10.);
#420=VECTOR('',#2238,10.);
#421=VECTOR('',#2239,10.);
#422=VECTOR('',#2240,10.);
#423=VECTOR('',#2247,10.);
#424=VECTOR('',#2248,10.);
#425=VECTOR('',#2249,10.);
#426=VECTOR('',#2250,10.);
#427=VECTOR('',#2255,10.);
#428=VECTOR('',#2260,10.);
#429=VECTOR('',#2261,10.);
#430=VECTOR('',#2262,10.);
#431=VECTOR('',#2269,10.);
#432=VECTOR('',#2270,10.);
#433=VECTOR('',#2271,10.);
#434=VECTOR('',#2272,10.);
#435=VECTOR('',#2275,10.);
#436=VECTOR('',#2276,10.);
#437=VECTOR('',#2277,10.);
#438=VECTOR('',#2278,10.);
#439=VECTOR('',#2307,10.);
#440=VECTOR('',#2310,2.);
#441=VECTOR('',#2315,10.);
#442=VECTOR('',#2320,1.);
#443=VECTOR('',#2323,10.);
#444=VECTOR('',#2326,2.);
#445=VECTOR('',#2331,10.);
#446=VECTOR('',#2336,1.);
#447=VECTOR('',#2339,10.);
#448=VECTOR('',#2342,2.);
#449=VECTOR('',#2347,10.);
#450=VECTOR('',#2352,1.);
#451=VECTOR('',#2355,10.);
#452=VECTOR('',#2358,2.);
#453=VECTOR('',#2363,10.);
#454=VECTOR('',#2368,1.);
#455=VECTOR('',#2371,10.);
#456=VECTOR('',#2374,2.);
#457=VECTOR('',#2379,10.);
#458=VECTOR('',#2384,1.);
#459=VECTOR('',#2387,10.);
#460=VECTOR('',#2390,2.);
#461=VECTOR('',#2395,10.);
#462=VECTOR('',#2400,1.);
#463=VECTOR('',#2403,10.);
#464=VECTOR('',#2406,2.);
#465=VECTOR('',#2411,10.);
#466=VECTOR('',#2416,1.);
#467=VECTOR('',#2419,10.);
#468=VECTOR('',#2422,2.);
#469=VECTOR('',#2427,10.);
#470=VECTOR('',#2432,1.);
#471=VECTOR('',#2435,10.);
#472=VECTOR('',#2438,2.);
#473=VECTOR('',#2443,10.);
#474=VECTOR('',#2448,1.);
#475=VECTOR('',#2451,10.);
#476=VECTOR('',#2454,2.);
#477=VECTOR('',#2459,10.);
#478=VECTOR('',#2464,1.);
#479=VECTOR('',#2467,10.);
#480=VECTOR('',#2470,2.);
#481=VECTOR('',#2475,10.);
#482=VECTOR('',#2480,1.);
#483=VECTOR('',#2483,10.);
#484=VECTOR('',#2486,2.);
#485=VECTOR('',#2491,10.);
#486=VECTOR('',#2496,1.);
#487=VECTOR('',#2499,10.);
#488=VECTOR('',#2502,2.);
#489=VECTOR('',#2507,10.);
#490=VECTOR('',#2512,1.);
#491=VECTOR('',#2515,10.);
#492=VECTOR('',#2518,2.);
#493=VECTOR('',#2523,10.);
#494=VECTOR('',#2528,1.);
#495=VECTOR('',#2531,10.);
#496=VECTOR('',#2534,2.);
#497=VECTOR('',#2539,10.);
#498=VECTOR('',#2544,1.);
#499=VECTOR('',#2547,10.);
#500=VECTOR('',#2550,2.);
#501=VECTOR('',#2555,10.);
#502=VECTOR('',#2560,1.);
#503=VECTOR('',#2563,10.);
#504=VECTOR('',#2566,2.);
#505=VECTOR('',#2571,10.);
#506=VECTOR('',#2576,1.);
#507=VECTOR('',#2579,10.);
#508=VECTOR('',#2582,2.);
#509=VECTOR('',#2587,10.);
#510=VECTOR('',#2592,1.);
#511=VECTOR('',#2595,10.);
#512=VECTOR('',#2598,2.);
#513=VECTOR('',#2603,10.);
#514=VECTOR('',#2608,1.);
#515=VECTOR('',#2659,10.);
#516=VECTOR('',#2662,10.);
#517=VECTOR('',#2737,2.);
#518=VECTOR('',#2744,1.);
#519=VECTOR('',#2749,42.5);
#520=VECTOR('',#2758,29.);
#521=VECTOR('',#2767,24.);
#522=CIRCLE('',#1895,2.1);
#523=CIRCLE('',#1896,2.1);
#524=CIRCLE('',#1898,2.1);
#525=CIRCLE('',#1899,2.1);
#526=CIRCLE('',#1901,2.1);
#527=CIRCLE('',#1902,2.1);
#528=CIRCLE('',#1904,2.1);
#529=CIRCLE('',#1905,2.1);
#530=CIRCLE('',#1907,2.1);
#531=CIRCLE('',#1908,2.1);
#532=CIRCLE('',#1911,3.5);
#533=CIRCLE('',#1912,3.5);
#534=CIRCLE('',#1915,42.5);
#535=CIRCLE('',#1918,3.5);
#536=CIRCLE('',#1919,3.5);
#537=CIRCLE('',#1922,42.5);
#538=CIRCLE('',#1925,3.5);
#539=CIRCLE('',#1926,3.5);
#540=CIRCLE('',#1929,42.5);
#541=CIRCLE('',#1932,3.5);
#542=CIRCLE('',#1933,3.5);
#543=CIRCLE('',#1936,42.5);
#544=CIRCLE('',#1940,3.5);
#545=CIRCLE('',#1941,3.5);
#546=CIRCLE('',#1943,42.5);
#547=CIRCLE('',#1945,42.5);
#548=CIRCLE('',#1946,42.5);
#549=CIRCLE('',#1947,42.5);
#550=CIRCLE('',#1948,42.5);
#551=CIRCLE('',#1949,42.5);
#552=CIRCLE('',#1950,42.5);
#553=CIRCLE('',#1951,24.);
#554=CIRCLE('',#1953,2.);
#555=CIRCLE('',#1954,2.);
#556=CIRCLE('',#1955,2.);
#557=CIRCLE('',#1956,2.);
#558=CIRCLE('',#1959,2.);
#559=CIRCLE('',#1960,2.);
#560=CIRCLE('',#1961,2.);
#561=CIRCLE('',#1962,2.);
#562=CIRCLE('',#1965,2.);
#563=CIRCLE('',#1966,2.);
#564=CIRCLE('',#1967,2.);
#565=CIRCLE('',#1968,2.);
#566=CIRCLE('',#1971,2.);
#567=CIRCLE('',#1972,2.);
#568=CIRCLE('',#1973,2.);
#569=CIRCLE('',#1974,2.);
#570=CIRCLE('',#1977,2.);
#571=CIRCLE('',#1978,2.);
#572=CIRCLE('',#1979,2.);
#573=CIRCLE('',#1980,2.);
#574=CIRCLE('',#1983,2.);
#575=CIRCLE('',#1984,2.);
#576=CIRCLE('',#1985,2.);
#577=CIRCLE('',#1986,2.);
#578=CIRCLE('',#1989,2.);
#579=CIRCLE('',#1990,2.);
#580=CIRCLE('',#1991,2.);
#581=CIRCLE('',#1992,2.);
#582=CIRCLE('',#1995,2.);
#583=CIRCLE('',#1996,2.);
#584=CIRCLE('',#1997,2.);
#585=CIRCLE('',#1998,2.);
#586=CIRCLE('',#2001,2.);
#587=CIRCLE('',#2002,2.);
#588=CIRCLE('',#2003,2.);
#589=CIRCLE('',#2004,2.);
#590=CIRCLE('',#2007,2.);
#591=CIRCLE('',#2008,2.);
#592=CIRCLE('',#2009,2.);
#593=CIRCLE('',#2010,2.);
#594=CIRCLE('',#2013,2.);
#595=CIRCLE('',#2014,2.);
#596=CIRCLE('',#2015,2.);
#597=CIRCLE('',#2016,2.);
#598=CIRCLE('',#2019,2.);
#599=CIRCLE('',#2020,2.);
#600=CIRCLE('',#2021,2.);
#601=CIRCLE('',#2022,2.);
#602=CIRCLE('',#2025,2.);
#603=CIRCLE('',#2026,2.);
#604=CIRCLE('',#2027,2.);
#605=CIRCLE('',#2028,2.);
#606=CIRCLE('',#2031,2.);
#607=CIRCLE('',#2032,2.);
#608=CIRCLE('',#2033,2.);
#609=CIRCLE('',#2034,2.);
#610=CIRCLE('',#2037,2.);
#611=CIRCLE('',#2038,2.);
#612=CIRCLE('',#2039,2.);
#613=CIRCLE('',#2040,2.);
#614=CIRCLE('',#2043,2.);
#615=CIRCLE('',#2044,2.);
#616=CIRCLE('',#2045,2.);
#617=CIRCLE('',#2046,2.);
#618=CIRCLE('',#2049,2.);
#619=CIRCLE('',#2050,2.);
#620=CIRCLE('',#2051,2.);
#621=CIRCLE('',#2052,2.);
#622=CIRCLE('',#2055,2.);
#623=CIRCLE('',#2056,2.);
#624=CIRCLE('',#2057,2.);
#625=CIRCLE('',#2058,2.);
#626=CIRCLE('',#2061,2.);
#627=CIRCLE('',#2062,2.);
#628=CIRCLE('',#2063,2.);
#629=CIRCLE('',#2064,2.);
#630=CIRCLE('',#2067,35.);
#631=CIRCLE('',#2068,2.);
#632=CIRCLE('',#2069,35.);
#633=CIRCLE('',#2070,35.);
#634=CIRCLE('',#2071,35.);
#635=CIRCLE('',#2072,35.);
#636=CIRCLE('',#2073,35.);
#637=CIRCLE('',#2074,35.);
#638=CIRCLE('',#2075,35.);
#639=CIRCLE('',#2076,35.);
#640=CIRCLE('',#2077,35.);
#641=CIRCLE('',#2078,35.);
#642=CIRCLE('',#2079,35.);
#643=CIRCLE('',#2080,35.);
#644=CIRCLE('',#2081,35.);
#645=CIRCLE('',#2082,35.);
#646=CIRCLE('',#2083,35.);
#647=CIRCLE('',#2084,35.);
#648=CIRCLE('',#2085,35.);
#649=CIRCLE('',#2086,35.);
#650=CIRCLE('',#2087,35.);
#651=CIRCLE('',#2088,29.);
#652=CIRCLE('',#2090,35.);
#653=CIRCLE('',#2092,35.);
#654=CIRCLE('',#2094,35.);
#655=CIRCLE('',#2096,35.);
#656=CIRCLE('',#2098,35.);
#657=CIRCLE('',#2100,35.);
#658=CIRCLE('',#2102,35.);
#659=CIRCLE('',#2104,35.);
#660=CIRCLE('',#2106,35.);
#661=CIRCLE('',#2108,35.);
#662=CIRCLE('',#2110,35.);
#663=CIRCLE('',#2112,35.);
#664=CIRCLE('',#2114,35.);
#665=CIRCLE('',#2116,35.);
#666=CIRCLE('',#2118,35.);
#667=CIRCLE('',#2120,35.);
#668=CIRCLE('',#2122,35.);
#669=CIRCLE('',#2124,35.);
#670=CIRCLE('',#2126,35.);
#671=CIRCLE('',#2128,2.);
#672=CIRCLE('',#2129,2.);
#673=CIRCLE('',#2130,2.);
#674=CIRCLE('',#2133,42.5);
#675=CIRCLE('',#2135,35.);
#676=CIRCLE('',#2138,29.);
#677=CIRCLE('',#2140,24.);
#678=VERTEX_POINT('',#2770);
#679=VERTEX_POINT('',#2772);
#680=VERTEX_POINT('',#2776);
#681=VERTEX_POINT('',#2778);
#682=VERTEX_POINT('',#2782);
#683=VERTEX_POINT('',#2784);
#684=VERTEX_POINT('',#2788);
#685=VERTEX_POINT('',#2790);
#686=VERTEX_POINT('',#2794);
#687=VERTEX_POINT('',#2796);
#688=VERTEX_POINT('',#2800);
#689=VERTEX_POINT('',#2801);
#690=VERTEX_POINT('',#2803);
#691=VERTEX_POINT('',#2805);
#692=VERTEX_POINT('',#2809);
#693=VERTEX_POINT('',#2811);
#694=VERTEX_POINT('',#2815);
#695=VERTEX_POINT('',#2817);
#696=VERTEX_POINT('',#2823);
#697=VERTEX_POINT('',#2824);
#698=VERTEX_POINT('',#2826);
#699=VERTEX_POINT('',#2828);
#700=VERTEX_POINT('',#2832);
#701=VERTEX_POINT('',#2834);
#702=VERTEX_POINT('',#2838);
#703=VERTEX_POINT('',#2840);
#704=VERTEX_POINT('',#2846);
#705=VERTEX_POINT('',#2847);
#706=VERTEX_POINT('',#2849);
#707=VERTEX_POINT('',#2851);
#708=VERTEX_POINT('',#2855);
#709=VERTEX_POINT('',#2857);
#710=VERTEX_POINT('',#2861);
#711=VERTEX_POINT('',#2863);
#712=VERTEX_POINT('',#2869);
#713=VERTEX_POINT('',#2870);
#714=VERTEX_POINT('',#2872);
#715=VERTEX_POINT('',#2874);
#716=VERTEX_POINT('',#2878);
#717=VERTEX_POINT('',#2880);
#718=VERTEX_POINT('',#2884);
#719=VERTEX_POINT('',#2886);
#720=VERTEX_POINT('',#2892);
#721=VERTEX_POINT('',#2893);
#722=VERTEX_POINT('',#2895);
#723=VERTEX_POINT('',#2897);
#724=VERTEX_POINT('',#2901);
#725=VERTEX_POINT('',#2902);
#726=VERTEX_POINT('',#2904);
#727=VERTEX_POINT('',#2906);
#728=VERTEX_POINT('',#2919);
#729=VERTEX_POINT('',#2922);
#730=VERTEX_POINT('',#2925);
#731=VERTEX_POINT('',#2926);
#732=VERTEX_POINT('',#2928);
#733=VERTEX_POINT('',#2930);
#734=VERTEX_POINT('',#2933);
#735=VERTEX_POINT('',#2935);
#736=VERTEX_POINT('',#2939);
#737=VERTEX_POINT('',#2942);
#738=VERTEX_POINT('',#2943);
#739=VERTEX_POINT('',#2945);
#740=VERTEX_POINT('',#2947);
#741=VERTEX_POINT('',#2950);
#742=VERTEX_POINT('',#2952);
#743=VERTEX_POINT('',#2956);
#744=VERTEX_POINT('',#2959);
#745=VERTEX_POINT('',#2960);
#746=VERTEX_POINT('',#2962);
#747=VERTEX_POINT('',#2964);
#748=VERTEX_POINT('',#2967);
#749=VERTEX_POINT('',#2969);
#750=VERTEX_POINT('',#2973);
#751=VERTEX_POINT('',#2976);
#752=VERTEX_POINT('',#2977);
#753=VERTEX_POINT('',#2979);
#754=VERTEX_POINT('',#2981);
#755=VERTEX_POINT('',#2984);
#756=VERTEX_POINT('',#2986);
#757=VERTEX_POINT('',#2990);
#758=VERTEX_POINT('',#2993);
#759=VERTEX_POINT('',#2994);
#760=VERTEX_POINT('',#2996);
#761=VERTEX_POINT('',#2998);
#762=VERTEX_POINT('',#3001);
#763=VERTEX_POINT('',#3003);
#764=VERTEX_POINT('',#3007);
#765=VERTEX_POINT('',#3010);
#766=VERTEX_POINT('',#3011);
#767=VERTEX_POINT('',#3013);
#768=VERTEX_POINT('',#3015);
#769=VERTEX_POINT('',#3018);
#770=VERTEX_POINT('',#3020);
#771=VERTEX_POINT('',#3024);
#772=VERTEX_POINT('',#3027);
#773=VERTEX_POINT('',#3028);
#774=VERTEX_POINT('',#3030);
#775=VERTEX_POINT('',#3032);
#776=VERTEX_POINT('',#3035);
#777=VERTEX_POINT('',#3037);
#778=VERTEX_POINT('',#3041);
#779=VERTEX_POINT('',#3044);
#780=VERTEX_POINT('',#3045);
#781=VERTEX_POINT('',#3047);
#782=VERTEX_POINT('',#3049);
#783=VERTEX_POINT('',#3052);
#784=VERTEX_POINT('',#3054);
#785=VERTEX_POINT('',#3058);
#786=VERTEX_POINT('',#3061);
#787=VERTEX_POINT('',#3062);
#788=VERTEX_POINT('',#3064);
#789=VERTEX_POINT('',#3066);
#790=VERTEX_POINT('',#3069);
#791=VERTEX_POINT('',#3071);
#792=VERTEX_POINT('',#3075);
#793=VERTEX_POINT('',#3078);
#794=VERTEX_POINT('',#3079);
#795=VERTEX_POINT('',#3081);
#796=VERTEX_POINT('',#3083);
#797=VERTEX_POINT('',#3086);
#798=VERTEX_POINT('',#3088);
#799=VERTEX_POINT('',#3092);
#800=VERTEX_POINT('',#3095);
#801=VERTEX_POINT('',#3096);
#802=VERTEX_POINT('',#3098);
#803=VERTEX_POINT('',#3100);
#804=VERTEX_POINT('',#3103);
#805=VERTEX_POINT('',#3105);
#806=VERTEX_POINT('',#3109);
#807=VERTEX_POINT('',#3112);
#808=VERTEX_POINT('',#3113);
#809=VERTEX_POINT('',#3115);
#810=VERTEX_POINT('',#3117);
#811=VERTEX_POINT('',#3120);
#812=VERTEX_POINT('',#3122);
#813=VERTEX_POINT('',#3126);
#814=VERTEX_POINT('',#3129);
#815=VERTEX_POINT('',#3130);
#816=VERTEX_POINT('',#3132);
#817=VERTEX_POINT('',#3134);
#818=VERTEX_POINT('',#3137);
#819=VERTEX_POINT('',#3139);
#820=VERTEX_POINT('',#3143);
#821=VERTEX_POINT('',#3146);
#822=VERTEX_POINT('',#3147);
#823=VERTEX_POINT('',#3149);
#824=VERTEX_POINT('',#3151);
#825=VERTEX_POINT('',#3154);
#826=VERTEX_POINT('',#3156);
#827=VERTEX_POINT('',#3160);
#828=VERTEX_POINT('',#3163);
#829=VERTEX_POINT('',#3164);
#830=VERTEX_POINT('',#3166);
#831=VERTEX_POINT('',#3168);
#832=VERTEX_POINT('',#3171);
#833=VERTEX_POINT('',#3173);
#834=VERTEX_POINT('',#3177);
#835=VERTEX_POINT('',#3180);
#836=VERTEX_POINT('',#3181);
#837=VERTEX_POINT('',#3183);
#838=VERTEX_POINT('',#3185);
#839=VERTEX_POINT('',#3188);
#840=VERTEX_POINT('',#3190);
#841=VERTEX_POINT('',#3194);
#842=VERTEX_POINT('',#3197);
#843=VERTEX_POINT('',#3198);
#844=VERTEX_POINT('',#3200);
#845=VERTEX_POINT('',#3202);
#846=VERTEX_POINT('',#3205);
#847=VERTEX_POINT('',#3207);
#848=VERTEX_POINT('',#3211);
#849=VERTEX_POINT('',#3214);
#850=VERTEX_POINT('',#3215);
#851=VERTEX_POINT('',#3217);
#852=VERTEX_POINT('',#3219);
#853=VERTEX_POINT('',#3222);
#854=VERTEX_POINT('',#3224);
#855=VERTEX_POINT('',#3228);
#856=VERTEX_POINT('',#3231);
#857=VERTEX_POINT('',#3232);
#858=VERTEX_POINT('',#3234);
#859=VERTEX_POINT('',#3236);
#860=VERTEX_POINT('',#3239);
#861=VERTEX_POINT('',#3241);
#862=VERTEX_POINT('',#3245);
#863=VERTEX_POINT('',#3248);
#864=VERTEX_POINT('',#3250);
#865=VERTEX_POINT('',#3271);
#866=VERTEX_POINT('',#3274);
#867=VERTEX_POINT('',#3278);
#868=VERTEX_POINT('',#3316);
#869=VERTEX_POINT('',#3318);
#870=VERTEX_POINT('',#3323);
#871=VERTEX_POINT('',#3326);
#872=VERTEX_POINT('',#3333);
#873=VERTEX_POINT('',#3337);
#874=EDGE_CURVE('',#678,#678,#522,.T.);
#875=EDGE_CURVE('',#678,#679,#266,.T.);
#876=EDGE_CURVE('',#679,#679,#523,.T.);
#877=EDGE_CURVE('',#680,#680,#524,.T.);
#878=EDGE_CURVE('',#680,#681,#267,.T.);
#879=EDGE_CURVE('',#681,#681,#525,.T.);
#880=EDGE_CURVE('',#682,#682,#526,.T.);
#881=EDGE_CURVE('',#682,#683,#268,.T.);
#882=EDGE_CURVE('',#683,#683,#527,.T.);
#883=EDGE_CURVE('',#684,#684,#528,.T.);
#884=EDGE_CURVE('',#684,#685,#269,.T.);
#885=EDGE_CURVE('',#685,#685,#529,.T.);
#886=EDGE_CURVE('',#686,#686,#530,.T.);
#887=EDGE_CURVE('',#686,#687,#270,.T.);
#888=EDGE_CURVE('',#687,#687,#531,.T.);
#889=EDGE_CURVE('',#688,#689,#271,.T.);
#890=EDGE_CURVE('',#688,#690,#272,.T.);
#891=EDGE_CURVE('',#690,#691,#273,.T.);
#892=EDGE_CURVE('',#689,#691,#274,.T.);
#893=EDGE_CURVE('',#692,#688,#532,.T.);
#894=EDGE_CURVE('',#692,#693,#275,.T.);
#895=EDGE_CURVE('',#693,#690,#533,.T.);
#896=EDGE_CURVE('',#694,#692,#276,.T.);
#897=EDGE_CURVE('',#695,#694,#277,.T.);
#898=EDGE_CURVE('',#695,#693,#278,.T.);
#899=EDGE_CURVE('',#691,#695,#534,.T.);
#900=EDGE_CURVE('',#696,#697,#279,.T.);
#901=EDGE_CURVE('',#696,#698,#280,.T.);
#902=EDGE_CURVE('',#698,#699,#281,.T.);
#903=EDGE_CURVE('',#697,#699,#282,.T.);
#904=EDGE_CURVE('',#700,#696,#535,.T.);
#905=EDGE_CURVE('',#700,#701,#283,.T.);
#906=EDGE_CURVE('',#701,#698,#536,.T.);
#907=EDGE_CURVE('',#702,#700,#284,.T.);
#908=EDGE_CURVE('',#703,#702,#285,.T.);
#909=EDGE_CURVE('',#703,#701,#286,.T.);
#910=EDGE_CURVE('',#699,#703,#537,.T.);
#911=EDGE_CURVE('',#704,#705,#287,.T.);
#912=EDGE_CURVE('',#704,#706,#288,.T.);
#913=EDGE_CURVE('',#706,#707,#289,.T.);
#914=EDGE_CURVE('',#705,#707,#290,.T.);
#915=EDGE_CURVE('',#708,#704,#538,.T.);
#916=EDGE_CURVE('',#708,#709,#291,.T.);
#917=EDGE_CURVE('',#709,#706,#539,.T.);
#918=EDGE_CURVE('',#710,#708,#292,.T.);
#919=EDGE_CURVE('',#711,#710,#293,.T.);
#920=EDGE_CURVE('',#711,#709,#294,.T.);
#921=EDGE_CURVE('',#707,#711,#540,.T.);
#922=EDGE_CURVE('',#712,#713,#295,.T.);
#923=EDGE_CURVE('',#712,#714,#296,.T.);
#924=EDGE_CURVE('',#714,#715,#297,.T.);
#925=EDGE_CURVE('',#713,#715,#298,.T.);
#926=EDGE_CURVE('',#716,#712,#541,.T.);
#927=EDGE_CURVE('',#716,#717,#299,.T.);
#928=EDGE_CURVE('',#717,#714,#542,.T.);
#929=EDGE_CURVE('',#718,#716,#300,.T.);
#930=EDGE_CURVE('',#719,#718,#301,.T.);
#931=EDGE_CURVE('',#719,#717,#302,.T.);
#932=EDGE_CURVE('',#715,#719,#543,.T.);
#933=EDGE_CURVE('',#720,#721,#303,.T.);
#934=EDGE_CURVE('',#722,#720,#304,.T.);
#935=EDGE_CURVE('',#722,#723,#305,.T.);
#936=EDGE_CURVE('',#721,#723,#306,.T.);
#937=EDGE_CURVE('',#724,#725,#307,.T.);
#938=EDGE_CURVE('',#724,#726,#308,.T.);
#939=EDGE_CURVE('',#726,#727,#309,.T.);
#940=EDGE_CURVE('',#725,#727,#310,.T.);
#941=EDGE_CURVE('',#721,#724,#544,.T.);
#942=EDGE_CURVE('',#723,#726,#545,.T.);
#943=EDGE_CURVE('',#727,#722,#546,.T.);
#944=EDGE_CURVE('',#710,#689,#547,.T.);
#945=EDGE_CURVE('',#720,#705,#548,.T.);
#946=EDGE_CURVE('',#718,#725,#549,.T.);
#947=EDGE_CURVE('',#702,#713,#550,.T.);
#948=EDGE_CURVE('',#728,#697,#551,.T.);
#949=EDGE_CURVE('',#694,#728,#552,.T.);
#950=EDGE_CURVE('',#729,#729,#553,.T.);
#951=EDGE_CURVE('',#730,#731,#311,.T.);
#952=EDGE_CURVE('',#732,#730,#554,.T.);
#953=EDGE_CURVE('',#732,#733,#312,.T.);
#954=EDGE_CURVE('',#733,#733,#555,.T.);
#955=EDGE_CURVE('',#734,#732,#556,.T.);
#956=EDGE_CURVE('',#735,#734,#313,.T.);
#957=EDGE_CURVE('',#731,#735,#557,.T.);
#958=EDGE_CURVE('',#733,#736,#314,.T.);
#959=EDGE_CURVE('',#737,#738,#315,.T.);
#960=EDGE_CURVE('',#739,#737,#558,.T.);
#961=EDGE_CURVE('',#739,#740,#316,.T.);
#962=EDGE_CURVE('',#740,#740,#559,.T.);
#963=EDGE_CURVE('',#741,#739,#560,.T.);
#964=EDGE_CURVE('',#742,#741,#317,.T.);
#965=EDGE_CURVE('',#738,#742,#561,.T.);
#966=EDGE_CURVE('',#740,#743,#318,.T.);
#967=EDGE_CURVE('',#744,#745,#319,.T.);
#968=EDGE_CURVE('',#746,#744,#562,.T.);
#969=EDGE_CURVE('',#746,#747,#320,.T.);
#970=EDGE_CURVE('',#747,#747,#563,.T.);
#971=EDGE_CURVE('',#748,#746,#564,.T.);
#972=EDGE_CURVE('',#749,#748,#321,.T.);
#973=EDGE_CURVE('',#745,#749,#565,.T.);
#974=EDGE_CURVE('',#747,#750,#322,.T.);
#975=EDGE_CURVE('',#751,#752,#323,.T.);
#976=EDGE_CURVE('',#753,#751,#566,.T.);
#977=EDGE_CURVE('',#753,#754,#324,.T.);
#978=EDGE_CURVE('',#754,#754,#567,.T.);
#979=EDGE_CURVE('',#755,#753,#568,.T.);
#980=EDGE_CURVE('',#756,#755,#325,.T.);
#981=EDGE_CURVE('',#752,#756,#569,.T.);
#982=EDGE_CURVE('',#754,#757,#326,.T.);
#983=EDGE_CURVE('',#758,#759,#327,.T.);
#984=EDGE_CURVE('',#760,#758,#570,.T.);
#985=EDGE_CURVE('',#760,#761,#328,.T.);
#986=EDGE_CURVE('',#761,#761,#571,.T.);
#987=EDGE_CURVE('',#762,#760,#572,.T.);
#988=EDGE_CURVE('',#763,#762,#329,.T.);
#989=EDGE_CURVE('',#759,#763,#573,.T.);
#990=EDGE_CURVE('',#761,#764,#330,.T.);
#991=EDGE_CURVE('',#765,#766,#331,.T.);
#992=EDGE_CURVE('',#767,#765,#574,.T.);
#993=EDGE_CURVE('',#767,#768,#332,.T.);
#994=EDGE_CURVE('',#768,#768,#575,.T.);
#995=EDGE_CURVE('',#769,#767,#576,.T.);
#996=EDGE_CURVE('',#770,#769,#333,.T.);
#997=EDGE_CURVE('',#766,#770,#577,.T.);
#998=EDGE_CURVE('',#768,#771,#334,.T.);
#999=EDGE_CURVE('',#772,#773,#335,.T.);
#1000=EDGE_CURVE('',#774,#772,#578,.T.);
#1001=EDGE_CURVE('',#774,#775,#336,.T.);
#1002=EDGE_CURVE('',#775,#775,#579,.T.);
#1003=EDGE_CURVE('',#776,#774,#580,.T.);
#1004=EDGE_CURVE('',#777,#776,#337,.T.);
#1005=EDGE_CURVE('',#773,#777,#581,.T.);
#1006=EDGE_CURVE('',#775,#778,#338,.T.);
#1007=EDGE_CURVE('',#779,#780,#339,.T.);
#1008=EDGE_CURVE('',#781,#779,#582,.T.);
#1009=EDGE_CURVE('',#781,#782,#340,.T.);
#1010=EDGE_CURVE('',#782,#782,#583,.T.);
#1011=EDGE_CURVE('',#783,#781,#584,.T.);
#1012=EDGE_CURVE('',#784,#783,#341,.T.);
#1013=EDGE_CURVE('',#780,#784,#585,.T.);
#1014=EDGE_CURVE('',#782,#785,#342,.T.);
#1015=EDGE_CURVE('',#786,#787,#343,.T.);
#1016=EDGE_CURVE('',#788,#786,#586,.T.);
#1017=EDGE_CURVE('',#788,#789,#344,.T.);
#1018=EDGE_CURVE('',#789,#789,#587,.T.);
#1019=EDGE_CURVE('',#790,#788,#588,.T.);
#1020=EDGE_CURVE('',#791,#790,#345,.T.);
#1021=EDGE_CURVE('',#787,#791,#589,.T.);
#1022=EDGE_CURVE('',#789,#792,#346,.T.);
#1023=EDGE_CURVE('',#793,#794,#347,.T.);
#1024=EDGE_CURVE('',#795,#793,#590,.T.);
#1025=EDGE_CURVE('',#795,#796,#348,.T.);
#1026=EDGE_CURVE('',#796,#796,#591,.T.);
#1027=EDGE_CURVE('',#797,#795,#592,.T.);
#1028=EDGE_CURVE('',#798,#797,#349,.T.);
#1029=EDGE_CURVE('',#794,#798,#593,.T.);
#1030=EDGE_CURVE('',#796,#799,#350,.T.);
#1031=EDGE_CURVE('',#800,#801,#351,.T.);
#1032=EDGE_CURVE('',#802,#800,#594,.T.);
#1033=EDGE_CURVE('',#802,#803,#352,.T.);
#1034=EDGE_CURVE('',#803,#803,#595,.T.);
#1035=EDGE_CURVE('',#804,#802,#596,.T.);
#1036=EDGE_CURVE('',#805,#804,#353,.T.);
#1037=EDGE_CURVE('',#801,#805,#597,.T.);
#1038=EDGE_CURVE('',#803,#806,#354,.T.);
#1039=EDGE_CURVE('',#807,#808,#355,.T.);
#1040=EDGE_CURVE('',#809,#807,#598,.T.);
#1041=EDGE_CURVE('',#809,#810,#356,.T.);
#1042=EDGE_CURVE('',#810,#810,#599,.T.);
#1043=EDGE_CURVE('',#811,#809,#600,.T.);
#1044=EDGE_CURVE('',#812,#811,#357,.T.);
#1045=EDGE_CURVE('',#808,#812,#601,.T.);
#1046=EDGE_CURVE('',#810,#813,#358,.T.);
#1047=EDGE_CURVE('',#814,#815,#359,.T.);
#1048=EDGE_CURVE('',#816,#814,#602,.T.);
#1049=EDGE_CURVE('',#816,#817,#360,.T.);
#1050=EDGE_CURVE('',#817,#817,#603,.T.);
#1051=EDGE_CURVE('',#818,#816,#604,.T.);
#1052=EDGE_CURVE('',#819,#818,#361,.T.);
#1053=EDGE_CURVE('',#815,#819,#605,.T.);
#1054=EDGE_CURVE('',#817,#820,#362,.T.);
#1055=EDGE_CURVE('',#821,#822,#363,.T.);
#1056=EDGE_CURVE('',#823,#821,#606,.T.);
#1057=EDGE_CURVE('',#823,#824,#364,.T.);
#1058=EDGE_CURVE('',#824,#824,#607,.T.);
#1059=EDGE_CURVE('',#825,#823,#608,.T.);
#1060=EDGE_CURVE('',#826,#825,#365,.T.);
#1061=EDGE_CURVE('',#822,#826,#609,.T.);
#1062=EDGE_CURVE('',#824,#827,#366,.T.);
#1063=EDGE_CURVE('',#828,#829,#367,.T.);
#1064=EDGE_CURVE('',#830,#828,#610,.T.);
#1065=EDGE_CURVE('',#830,#831,#368,.T.);
#1066=EDGE_CURVE('',#831,#831,#611,.T.);
#1067=EDGE_CURVE('',#832,#830,#612,.T.);
#1068=EDGE_CURVE('',#833,#832,#369,.T.);
#1069=EDGE_CURVE('',#829,#833,#613,.T.);
#1070=EDGE_CURVE('',#831,#834,#370,.T.);
#1071=EDGE_CURVE('',#835,#836,#371,.T.);
#1072=EDGE_CURVE('',#837,#835,#614,.T.);
#1073=EDGE_CURVE('',#837,#838,#372,.T.);
#1074=EDGE_CURVE('',#838,#838,#615,.T.);
#1075=EDGE_CURVE('',#839,#837,#616,.T.);
#1076=EDGE_CURVE('',#840,#839,#373,.T.);
#1077=EDGE_CURVE('',#836,#840,#617,.T.);
#1078=EDGE_CURVE('',#838,#841,#374,.T.);
#1079=EDGE_CURVE('',#842,#843,#375,.T.);
#1080=EDGE_CURVE('',#844,#842,#618,.T.);
#1081=EDGE_CURVE('',#844,#845,#376,.T.);
#1082=EDGE_CURVE('',#845,#845,#619,.T.);
#1083=EDGE_CURVE('',#846,#844,#620,.T.);
#1084=EDGE_CURVE('',#847,#846,#377,.T.);
#1085=EDGE_CURVE('',#843,#847,#621,.T.);
#1086=EDGE_CURVE('',#845,#848,#378,.T.);
#1087=EDGE_CURVE('',#849,#850,#379,.T.);
#1088=EDGE_CURVE('',#851,#849,#622,.T.);
#1089=EDGE_CURVE('',#851,#852,#380,.T.);
#1090=EDGE_CURVE('',#852,#852,#623,.T.);
#1091=EDGE_CURVE('',#853,#851,#624,.T.);
#1092=EDGE_CURVE('',#854,#853,#381,.T.);
#1093=EDGE_CURVE('',#850,#854,#625,.T.);
#1094=EDGE_CURVE('',#852,#855,#382,.T.);
#1095=EDGE_CURVE('',#856,#857,#383,.T.);
#1096=EDGE_CURVE('',#858,#856,#626,.T.);
#1097=EDGE_CURVE('',#858,#859,#384,.T.);
#1098=EDGE_CURVE('',#859,#859,#627,.T.);
#1099=EDGE_CURVE('',#860,#858,#628,.T.);
#1100=EDGE_CURVE('',#861,#860,#385,.T.);
#1101=EDGE_CURVE('',#857,#861,#629,.T.);
#1102=EDGE_CURVE('',#859,#862,#386,.T.);
#1103=EDGE_CURVE('',#735,#863,#630,.T.);
#1104=EDGE_CURVE('',#863,#864,#631,.T.);
#1105=EDGE_CURVE('',#864,#857,#632,.T.);
#1106=EDGE_CURVE('',#861,#850,#633,.T.);
#1107=EDGE_CURVE('',#854,#843,#634,.T.);
#1108=EDGE_CURVE('',#847,#836,#635,.T.);
#1109=EDGE_CURVE('',#840,#829,#636,.T.);
#1110=EDGE_CURVE('',#833,#822,#637,.T.);
#1111=EDGE_CURVE('',#826,#815,#638,.T.);
#1112=EDGE_CURVE('',#819,#808,#639,.T.);
#1113=EDGE_CURVE('',#812,#801,#640,.T.);
#1114=EDGE_CURVE('',#805,#794,#641,.T.);
#1115=EDGE_CURVE('',#798,#787,#642,.T.);
#1116=EDGE_CURVE('',#791,#780,#643,.T.);
#1117=EDGE_CURVE('',#784,#773,#644,.T.);
#1118=EDGE_CURVE('',#777,#766,#645,.T.);
#1119=EDGE_CURVE('',#770,#759,#646,.T.);
#1120=EDGE_CURVE('',#763,#752,#647,.T.);
#1121=EDGE_CURVE('',#756,#745,#648,.T.);
#1122=EDGE_CURVE('',#749,#738,#649,.T.);
#1123=EDGE_CURVE('',#742,#731,#650,.T.);
#1124=EDGE_CURVE('',#865,#865,#651,.T.);
#1125=EDGE_CURVE('',#734,#866,#652,.T.);
#1126=EDGE_CURVE('',#866,#863,#387,.T.);
#1127=EDGE_CURVE('',#864,#867,#388,.T.);
#1128=EDGE_CURVE('',#867,#856,#653,.T.);
#1129=EDGE_CURVE('',#860,#849,#654,.T.);
#1130=EDGE_CURVE('',#853,#842,#655,.T.);
#1131=EDGE_CURVE('',#846,#835,#656,.T.);
#1132=EDGE_CURVE('',#839,#828,#657,.T.);
#1133=EDGE_CURVE('',#832,#821,#658,.T.);
#1134=EDGE_CURVE('',#825,#814,#659,.T.);
#1135=EDGE_CURVE('',#818,#807,#660,.T.);
#1136=EDGE_CURVE('',#811,#800,#661,.T.);
#1137=EDGE_CURVE('',#804,#793,#662,.T.);
#1138=EDGE_CURVE('',#797,#786,#663,.T.);
#1139=EDGE_CURVE('',#790,#779,#664,.T.);
#1140=EDGE_CURVE('',#783,#772,#665,.T.);
#1141=EDGE_CURVE('',#776,#765,#666,.T.);
#1142=EDGE_CURVE('',#769,#758,#667,.T.);
#1143=EDGE_CURVE('',#762,#751,#668,.T.);
#1144=EDGE_CURVE('',#755,#744,#669,.T.);
#1145=EDGE_CURVE('',#748,#737,#670,.T.);
#1146=EDGE_CURVE('',#868,#866,#671,.T.);
#1147=EDGE_CURVE('',#868,#869,#389,.T.);
#1148=EDGE_CURVE('',#869,#869,#672,.T.);
#1149=EDGE_CURVE('',#867,#868,#673,.T.);
#1150=EDGE_CURVE('',#869,#870,#390,.T.);
#1151=EDGE_CURVE('',#871,#871,#674,.T.);
#1152=EDGE_CURVE('',#871,#728,#391,.T.);
#1153=EDGE_CURVE('',#741,#730,#675,.T.);
#1154=EDGE_CURVE('',#865,#872,#392,.T.);
#1155=EDGE_CURVE('',#872,#872,#676,.T.);
#1156=EDGE_CURVE('',#873,#873,#677,.T.);
#1157=EDGE_CURVE('',#873,#729,#393,.T.);
#1158=ORIENTED_EDGE('',*,*,#874,.F.);
#1159=ORIENTED_EDGE('',*,*,#875,.T.);
#1160=ORIENTED_EDGE('',*,*,#876,.F.);
#1161=ORIENTED_EDGE('',*,*,#875,.F.);
#1162=ORIENTED_EDGE('',*,*,#877,.F.);
#1163=ORIENTED_EDGE('',*,*,#878,.T.);
#1164=ORIENTED_EDGE('',*,*,#879,.F.);
#1165=ORIENTED_EDGE('',*,*,#878,.F.);
#1166=ORIENTED_EDGE('',*,*,#880,.F.);
#1167=ORIENTED_EDGE('',*,*,#881,.T.);
#1168=ORIENTED_EDGE('',*,*,#882,.F.);
#1169=ORIENTED_EDGE('',*,*,#881,.F.);
#1170=ORIENTED_EDGE('',*,*,#883,.F.);
#1171=ORIENTED_EDGE('',*,*,#884,.T.);
#1172=ORIENTED_EDGE('',*,*,#885,.F.);
#1173=ORIENTED_EDGE('',*,*,#884,.F.);
#1174=ORIENTED_EDGE('',*,*,#886,.F.);
#1175=ORIENTED_EDGE('',*,*,#887,.T.);
#1176=ORIENTED_EDGE('',*,*,#888,.F.);
#1177=ORIENTED_EDGE('',*,*,#887,.F.);
#1178=ORIENTED_EDGE('',*,*,#889,.F.);
#1179=ORIENTED_EDGE('',*,*,#890,.T.);
#1180=ORIENTED_EDGE('',*,*,#891,.T.);
#1181=ORIENTED_EDGE('',*,*,#892,.F.);
#1182=ORIENTED_EDGE('',*,*,#893,.F.);
#1183=ORIENTED_EDGE('',*,*,#894,.T.);
#1184=ORIENTED_EDGE('',*,*,#895,.T.);
#1185=ORIENTED_EDGE('',*,*,#890,.F.);
#1186=ORIENTED_EDGE('',*,*,#896,.F.);
#1187=ORIENTED_EDGE('',*,*,#897,.F.);
#1188=ORIENTED_EDGE('',*,*,#898,.T.);
#1189=ORIENTED_EDGE('',*,*,#894,.F.);
#1190=ORIENTED_EDGE('',*,*,#898,.F.);
#1191=ORIENTED_EDGE('',*,*,#899,.F.);
#1192=ORIENTED_EDGE('',*,*,#891,.F.);
#1193=ORIENTED_EDGE('',*,*,#895,.F.);
#1194=ORIENTED_EDGE('',*,*,#877,.T.);
#1195=ORIENTED_EDGE('',*,*,#900,.F.);
#1196=ORIENTED_EDGE('',*,*,#901,.T.);
#1197=ORIENTED_EDGE('',*,*,#902,.T.);
#1198=ORIENTED_EDGE('',*,*,#903,.F.);
#1199=ORIENTED_EDGE('',*,*,#904,.F.);
#1200=ORIENTED_EDGE('',*,*,#905,.T.);
#1201=ORIENTED_EDGE('',*,*,#906,.T.);
#1202=ORIENTED_EDGE('',*,*,#901,.F.);
#1203=ORIENTED_EDGE('',*,*,#907,.F.);
#1204=ORIENTED_EDGE('',*,*,#908,.F.);
#1205=ORIENTED_EDGE('',*,*,#909,.T.);
#1206=ORIENTED_EDGE('',*,*,#905,.F.);
#1207=ORIENTED_EDGE('',*,*,#909,.F.);
#1208=ORIENTED_EDGE('',*,*,#910,.F.);
#1209=ORIENTED_EDGE('',*,*,#902,.F.);
#1210=ORIENTED_EDGE('',*,*,#906,.F.);
#1211=ORIENTED_EDGE('',*,*,#874,.T.);
#1212=ORIENTED_EDGE('',*,*,#911,.F.);
#1213=ORIENTED_EDGE('',*,*,#912,.T.);
#1214=ORIENTED_EDGE('',*,*,#913,.T.);
#1215=ORIENTED_EDGE('',*,*,#914,.F.);
#1216=ORIENTED_EDGE('',*,*,#915,.F.);
#1217=ORIENTED_EDGE('',*,*,#916,.T.);
#1218=ORIENTED_EDGE('',*,*,#917,.T.);
#1219=ORIENTED_EDGE('',*,*,#912,.F.);
#1220=ORIENTED_EDGE('',*,*,#918,.F.);
#1221=ORIENTED_EDGE('',*,*,#919,.F.);
#1222=ORIENTED_EDGE('',*,*,#920,.T.);
#1223=ORIENTED_EDGE('',*,*,#916,.F.);
#1224=ORIENTED_EDGE('',*,*,#920,.F.);
#1225=ORIENTED_EDGE('',*,*,#921,.F.);
#1226=ORIENTED_EDGE('',*,*,#913,.F.);
#1227=ORIENTED_EDGE('',*,*,#917,.F.);
#1228=ORIENTED_EDGE('',*,*,#880,.T.);
#1229=ORIENTED_EDGE('',*,*,#922,.F.);
#1230=ORIENTED_EDGE('',*,*,#923,.T.);
#1231=ORIENTED_EDGE('',*,*,#924,.T.);
#1232=ORIENTED_EDGE('',*,*,#925,.F.);
#1233=ORIENTED_EDGE('',*,*,#926,.F.);
#1234=ORIENTED_EDGE('',*,*,#927,.T.);
#1235=ORIENTED_EDGE('',*,*,#928,.T.);
#1236=ORIENTED_EDGE('',*,*,#923,.F.);
#1237=ORIENTED_EDGE('',*,*,#929,.F.);
#1238=ORIENTED_EDGE('',*,*,#930,.F.);
#1239=ORIENTED_EDGE('',*,*,#931,.T.);
#1240=ORIENTED_EDGE('',*,*,#927,.F.);
#1241=ORIENTED_EDGE('',*,*,#931,.F.);
#1242=ORIENTED_EDGE('',*,*,#932,.F.);
#1243=ORIENTED_EDGE('',*,*,#924,.F.);
#1244=ORIENTED_EDGE('',*,*,#928,.F.);
#1245=ORIENTED_EDGE('',*,*,#886,.T.);
#1246=ORIENTED_EDGE('',*,*,#933,.F.);
#1247=ORIENTED_EDGE('',*,*,#934,.F.);
#1248=ORIENTED_EDGE('',*,*,#935,.T.);
#1249=ORIENTED_EDGE('',*,*,#936,.F.);
#1250=ORIENTED_EDGE('',*,*,#937,.F.);
#1251=ORIENTED_EDGE('',*,*,#938,.T.);
#1252=ORIENTED_EDGE('',*,*,#939,.T.);
#1253=ORIENTED_EDGE('',*,*,#940,.F.);
#1254=ORIENTED_EDGE('',*,*,#941,.F.);
#1255=ORIENTED_EDGE('',*,*,#936,.T.);
#1256=ORIENTED_EDGE('',*,*,#942,.T.);
#1257=ORIENTED_EDGE('',*,*,#938,.F.);
#1258=ORIENTED_EDGE('',*,*,#942,.F.);
#1259=ORIENTED_EDGE('',*,*,#935,.F.);
#1260=ORIENTED_EDGE('',*,*,#943,.F.);
#1261=ORIENTED_EDGE('',*,*,#939,.F.);
#1262=ORIENTED_EDGE('',*,*,#883,.T.);
#1263=ORIENTED_EDGE('',*,*,#896,.T.);
#1264=ORIENTED_EDGE('',*,*,#893,.T.);
#1265=ORIENTED_EDGE('',*,*,#889,.T.);
#1266=ORIENTED_EDGE('',*,*,#944,.F.);
#1267=ORIENTED_EDGE('',*,*,#918,.T.);
#1268=ORIENTED_EDGE('',*,*,#915,.T.);
#1269=ORIENTED_EDGE('',*,*,#911,.T.);
#1270=ORIENTED_EDGE('',*,*,#945,.F.);
#1271=ORIENTED_EDGE('',*,*,#933,.T.);
#1272=ORIENTED_EDGE('',*,*,#941,.T.);
#1273=ORIENTED_EDGE('',*,*,#937,.T.);
#1274=ORIENTED_EDGE('',*,*,#946,.F.);
#1275=ORIENTED_EDGE('',*,*,#929,.T.);
#1276=ORIENTED_EDGE('',*,*,#926,.T.);
#1277=ORIENTED_EDGE('',*,*,#922,.T.);
#1278=ORIENTED_EDGE('',*,*,#947,.F.);
#1279=ORIENTED_EDGE('',*,*,#907,.T.);
#1280=ORIENTED_EDGE('',*,*,#904,.T.);
#1281=ORIENTED_EDGE('',*,*,#900,.T.);
#1282=ORIENTED_EDGE('',*,*,#948,.F.);
#1283=ORIENTED_EDGE('',*,*,#949,.F.);
#1284=ORIENTED_EDGE('',*,*,#950,.T.);
#1285=ORIENTED_EDGE('',*,*,#951,.F.);
#1286=ORIENTED_EDGE('',*,*,#952,.F.);
#1287=ORIENTED_EDGE('',*,*,#953,.T.);
#1288=ORIENTED_EDGE('',*,*,#954,.F.);
#1289=ORIENTED_EDGE('',*,*,#953,.F.);
#1290=ORIENTED_EDGE('',*,*,#955,.F.);
#1291=ORIENTED_EDGE('',*,*,#956,.F.);
#1292=ORIENTED_EDGE('',*,*,#957,.F.);
#1293=ORIENTED_EDGE('',*,*,#954,.T.);
#1294=ORIENTED_EDGE('',*,*,#958,.T.);
#1295=ORIENTED_EDGE('',*,*,#958,.F.);
#1296=ORIENTED_EDGE('',*,*,#959,.F.);
#1297=ORIENTED_EDGE('',*,*,#960,.F.);
#1298=ORIENTED_EDGE('',*,*,#961,.T.);
#1299=ORIENTED_EDGE('',*,*,#962,.F.);
#1300=ORIENTED_EDGE('',*,*,#961,.F.);
#1301=ORIENTED_EDGE('',*,*,#963,.F.);
#1302=ORIENTED_EDGE('',*,*,#964,.F.);
#1303=ORIENTED_EDGE('',*,*,#965,.F.);
#1304=ORIENTED_EDGE('',*,*,#962,.T.);
#1305=ORIENTED_EDGE('',*,*,#966,.T.);
#1306=ORIENTED_EDGE('',*,*,#966,.F.);
#1307=ORIENTED_EDGE('',*,*,#967,.F.);
#1308=ORIENTED_EDGE('',*,*,#968,.F.);
#1309=ORIENTED_EDGE('',*,*,#969,.T.);
#1310=ORIENTED_EDGE('',*,*,#970,.F.);
#1311=ORIENTED_EDGE('',*,*,#969,.F.);
#1312=ORIENTED_EDGE('',*,*,#971,.F.);
#1313=ORIENTED_EDGE('',*,*,#972,.F.);
#1314=ORIENTED_EDGE('',*,*,#973,.F.);
#1315=ORIENTED_EDGE('',*,*,#970,.T.);
#1316=ORIENTED_EDGE('',*,*,#974,.T.);
#1317=ORIENTED_EDGE('',*,*,#974,.F.);
#1318=ORIENTED_EDGE('',*,*,#975,.F.);
#1319=ORIENTED_EDGE('',*,*,#976,.F.);
#1320=ORIENTED_EDGE('',*,*,#977,.T.);
#1321=ORIENTED_EDGE('',*,*,#978,.F.);
#1322=ORIENTED_EDGE('',*,*,#977,.F.);
#1323=ORIENTED_EDGE('',*,*,#979,.F.);
#1324=ORIENTED_EDGE('',*,*,#980,.F.);
#1325=ORIENTED_EDGE('',*,*,#981,.F.);
#1326=ORIENTED_EDGE('',*,*,#978,.T.);
#1327=ORIENTED_EDGE('',*,*,#982,.T.);
#1328=ORIENTED_EDGE('',*,*,#982,.F.);
#1329=ORIENTED_EDGE('',*,*,#983,.F.);
#1330=ORIENTED_EDGE('',*,*,#984,.F.);
#1331=ORIENTED_EDGE('',*,*,#985,.T.);
#1332=ORIENTED_EDGE('',*,*,#986,.F.);
#1333=ORIENTED_EDGE('',*,*,#985,.F.);
#1334=ORIENTED_EDGE('',*,*,#987,.F.);
#1335=ORIENTED_EDGE('',*,*,#988,.F.);
#1336=ORIENTED_EDGE('',*,*,#989,.F.);
#1337=ORIENTED_EDGE('',*,*,#986,.T.);
#1338=ORIENTED_EDGE('',*,*,#990,.T.);
#1339=ORIENTED_EDGE('',*,*,#990,.F.);
#1340=ORIENTED_EDGE('',*,*,#991,.F.);
#1341=ORIENTED_EDGE('',*,*,#992,.F.);
#1342=ORIENTED_EDGE('',*,*,#993,.T.);
#1343=ORIENTED_EDGE('',*,*,#994,.F.);
#1344=ORIENTED_EDGE('',*,*,#993,.F.);
#1345=ORIENTED_EDGE('',*,*,#995,.F.);
#1346=ORIENTED_EDGE('',*,*,#996,.F.);
#1347=ORIENTED_EDGE('',*,*,#997,.F.);
#1348=ORIENTED_EDGE('',*,*,#994,.T.);
#1349=ORIENTED_EDGE('',*,*,#998,.T.);
#1350=ORIENTED_EDGE('',*,*,#998,.F.);
#1351=ORIENTED_EDGE('',*,*,#999,.F.);
#1352=ORIENTED_EDGE('',*,*,#1000,.F.);
#1353=ORIENTED_EDGE('',*,*,#1001,.T.);
#1354=ORIENTED_EDGE('',*,*,#1002,.F.);
#1355=ORIENTED_EDGE('',*,*,#1001,.F.);
#1356=ORIENTED_EDGE('',*,*,#1003,.F.);
#1357=ORIENTED_EDGE('',*,*,#1004,.F.);
#1358=ORIENTED_EDGE('',*,*,#1005,.F.);
#1359=ORIENTED_EDGE('',*,*,#1002,.T.);
#1360=ORIENTED_EDGE('',*,*,#1006,.T.);
#1361=ORIENTED_EDGE('',*,*,#1006,.F.);
#1362=ORIENTED_EDGE('',*,*,#1007,.F.);
#1363=ORIENTED_EDGE('',*,*,#1008,.F.);
#1364=ORIENTED_EDGE('',*,*,#1009,.T.);
#1365=ORIENTED_EDGE('',*,*,#1010,.F.);
#1366=ORIENTED_EDGE('',*,*,#1009,.F.);
#1367=ORIENTED_EDGE('',*,*,#1011,.F.);
#1368=ORIENTED_EDGE('',*,*,#1012,.F.);
#1369=ORIENTED_EDGE('',*,*,#1013,.F.);
#1370=ORIENTED_EDGE('',*,*,#1010,.T.);
#1371=ORIENTED_EDGE('',*,*,#1014,.T.);
#1372=ORIENTED_EDGE('',*,*,#1014,.F.);
#1373=ORIENTED_EDGE('',*,*,#1015,.F.);
#1374=ORIENTED_EDGE('',*,*,#1016,.F.);
#1375=ORIENTED_EDGE('',*,*,#1017,.T.);
#1376=ORIENTED_EDGE('',*,*,#1018,.F.);
#1377=ORIENTED_EDGE('',*,*,#1017,.F.);
#1378=ORIENTED_EDGE('',*,*,#1019,.F.);
#1379=ORIENTED_EDGE('',*,*,#1020,.F.);
#1380=ORIENTED_EDGE('',*,*,#1021,.F.);
#1381=ORIENTED_EDGE('',*,*,#1018,.T.);
#1382=ORIENTED_EDGE('',*,*,#1022,.T.);
#1383=ORIENTED_EDGE('',*,*,#1022,.F.);
#1384=ORIENTED_EDGE('',*,*,#1023,.F.);
#1385=ORIENTED_EDGE('',*,*,#1024,.F.);
#1386=ORIENTED_EDGE('',*,*,#1025,.T.);
#1387=ORIENTED_EDGE('',*,*,#1026,.F.);
#1388=ORIENTED_EDGE('',*,*,#1025,.F.);
#1389=ORIENTED_EDGE('',*,*,#1027,.F.);
#1390=ORIENTED_EDGE('',*,*,#1028,.F.);
#1391=ORIENTED_EDGE('',*,*,#1029,.F.);
#1392=ORIENTED_EDGE('',*,*,#1026,.T.);
#1393=ORIENTED_EDGE('',*,*,#1030,.T.);
#1394=ORIENTED_EDGE('',*,*,#1030,.F.);
#1395=ORIENTED_EDGE('',*,*,#1031,.F.);
#1396=ORIENTED_EDGE('',*,*,#1032,.F.);
#1397=ORIENTED_EDGE('',*,*,#1033,.T.);
#1398=ORIENTED_EDGE('',*,*,#1034,.F.);
#1399=ORIENTED_EDGE('',*,*,#1033,.F.);
#1400=ORIENTED_EDGE('',*,*,#1035,.F.);
#1401=ORIENTED_EDGE('',*,*,#1036,.F.);
#1402=ORIENTED_EDGE('',*,*,#1037,.F.);
#1403=ORIENTED_EDGE('',*,*,#1034,.T.);
#1404=ORIENTED_EDGE('',*,*,#1038,.T.);
#1405=ORIENTED_EDGE('',*,*,#1038,.F.);
#1406=ORIENTED_EDGE('',*,*,#1039,.F.);
#1407=ORIENTED_EDGE('',*,*,#1040,.F.);
#1408=ORIENTED_EDGE('',*,*,#1041,.T.);
#1409=ORIENTED_EDGE('',*,*,#1042,.F.);
#1410=ORIENTED_EDGE('',*,*,#1041,.F.);
#1411=ORIENTED_EDGE('',*,*,#1043,.F.);
#1412=ORIENTED_EDGE('',*,*,#1044,.F.);
#1413=ORIENTED_EDGE('',*,*,#1045,.F.);
#1414=ORIENTED_EDGE('',*,*,#1042,.T.);
#1415=ORIENTED_EDGE('',*,*,#1046,.T.);
#1416=ORIENTED_EDGE('',*,*,#1046,.F.);
#1417=ORIENTED_EDGE('',*,*,#1047,.F.);
#1418=ORIENTED_EDGE('',*,*,#1048,.F.);
#1419=ORIENTED_EDGE('',*,*,#1049,.T.);
#1420=ORIENTED_EDGE('',*,*,#1050,.F.);
#1421=ORIENTED_EDGE('',*,*,#1049,.F.);
#1422=ORIENTED_EDGE('',*,*,#1051,.F.);
#1423=ORIENTED_EDGE('',*,*,#1052,.F.);
#1424=ORIENTED_EDGE('',*,*,#1053,.F.);
#1425=ORIENTED_EDGE('',*,*,#1050,.T.);
#1426=ORIENTED_EDGE('',*,*,#1054,.T.);
#1427=ORIENTED_EDGE('',*,*,#1054,.F.);
#1428=ORIENTED_EDGE('',*,*,#1055,.F.);
#1429=ORIENTED_EDGE('',*,*,#1056,.F.);
#1430=ORIENTED_EDGE('',*,*,#1057,.T.);
#1431=ORIENTED_EDGE('',*,*,#1058,.F.);
#1432=ORIENTED_EDGE('',*,*,#1057,.F.);
#1433=ORIENTED_EDGE('',*,*,#1059,.F.);
#1434=ORIENTED_EDGE('',*,*,#1060,.F.);
#1435=ORIENTED_EDGE('',*,*,#1061,.F.);
#1436=ORIENTED_EDGE('',*,*,#1058,.T.);
#1437=ORIENTED_EDGE('',*,*,#1062,.T.);
#1438=ORIENTED_EDGE('',*,*,#1062,.F.);
#1439=ORIENTED_EDGE('',*,*,#1063,.F.);
#1440=ORIENTED_EDGE('',*,*,#1064,.F.);
#1441=ORIENTED_EDGE('',*,*,#1065,.T.);
#1442=ORIENTED_EDGE('',*,*,#1066,.F.);
#1443=ORIENTED_EDGE('',*,*,#1065,.F.);
#1444=ORIENTED_EDGE('',*,*,#1067,.F.);
#1445=ORIENTED_EDGE('',*,*,#1068,.F.);
#1446=ORIENTED_EDGE('',*,*,#1069,.F.);
#1447=ORIENTED_EDGE('',*,*,#1066,.T.);
#1448=ORIENTED_EDGE('',*,*,#1070,.T.);
#1449=ORIENTED_EDGE('',*,*,#1070,.F.);
#1450=ORIENTED_EDGE('',*,*,#1071,.F.);
#1451=ORIENTED_EDGE('',*,*,#1072,.F.);
#1452=ORIENTED_EDGE('',*,*,#1073,.T.);
#1453=ORIENTED_EDGE('',*,*,#1074,.F.);
#1454=ORIENTED_EDGE('',*,*,#1073,.F.);
#1455=ORIENTED_EDGE('',*,*,#1075,.F.);
#1456=ORIENTED_EDGE('',*,*,#1076,.F.);
#1457=ORIENTED_EDGE('',*,*,#1077,.F.);
#1458=ORIENTED_EDGE('',*,*,#1074,.T.);
#1459=ORIENTED_EDGE('',*,*,#1078,.T.);
#1460=ORIENTED_EDGE('',*,*,#1078,.F.);
#1461=ORIENTED_EDGE('',*,*,#1079,.F.);
#1462=ORIENTED_EDGE('',*,*,#1080,.F.);
#1463=ORIENTED_EDGE('',*,*,#1081,.T.);
#1464=ORIENTED_EDGE('',*,*,#1082,.F.);
#1465=ORIENTED_EDGE('',*,*,#1081,.F.);
#1466=ORIENTED_EDGE('',*,*,#1083,.F.);
#1467=ORIENTED_EDGE('',*,*,#1084,.F.);
#1468=ORIENTED_EDGE('',*,*,#1085,.F.);
#1469=ORIENTED_EDGE('',*,*,#1082,.T.);
#1470=ORIENTED_EDGE('',*,*,#1086,.T.);
#1471=ORIENTED_EDGE('',*,*,#1086,.F.);
#1472=ORIENTED_EDGE('',*,*,#1087,.F.);
#1473=ORIENTED_EDGE('',*,*,#1088,.F.);
#1474=ORIENTED_EDGE('',*,*,#1089,.T.);
#1475=ORIENTED_EDGE('',*,*,#1090,.F.);
#1476=ORIENTED_EDGE('',*,*,#1089,.F.);
#1477=ORIENTED_EDGE('',*,*,#1091,.F.);
#1478=ORIENTED_EDGE('',*,*,#1092,.F.);
#1479=ORIENTED_EDGE('',*,*,#1093,.F.);
#1480=ORIENTED_EDGE('',*,*,#1090,.T.);
#1481=ORIENTED_EDGE('',*,*,#1094,.T.);
#1482=ORIENTED_EDGE('',*,*,#1094,.F.);
#1483=ORIENTED_EDGE('',*,*,#1095,.F.);
#1484=ORIENTED_EDGE('',*,*,#1096,.F.);
#1485=ORIENTED_EDGE('',*,*,#1097,.T.);
#1486=ORIENTED_EDGE('',*,*,#1098,.F.);
#1487=ORIENTED_EDGE('',*,*,#1097,.F.);
#1488=ORIENTED_EDGE('',*,*,#1099,.F.);
#1489=ORIENTED_EDGE('',*,*,#1100,.F.);
#1490=ORIENTED_EDGE('',*,*,#1101,.F.);
#1491=ORIENTED_EDGE('',*,*,#1098,.T.);
#1492=ORIENTED_EDGE('',*,*,#1102,.T.);
#1493=ORIENTED_EDGE('',*,*,#1102,.F.);
#1494=ORIENTED_EDGE('',*,*,#957,.T.);
#1495=ORIENTED_EDGE('',*,*,#1103,.T.);
#1496=ORIENTED_EDGE('',*,*,#1104,.T.);
#1497=ORIENTED_EDGE('',*,*,#1105,.T.);
#1498=ORIENTED_EDGE('',*,*,#1101,.T.);
#1499=ORIENTED_EDGE('',*,*,#1106,.T.);
#1500=ORIENTED_EDGE('',*,*,#1093,.T.);
#1501=ORIENTED_EDGE('',*,*,#1107,.T.);
#1502=ORIENTED_EDGE('',*,*,#1085,.T.);
#1503=ORIENTED_EDGE('',*,*,#1108,.T.);
#1504=ORIENTED_EDGE('',*,*,#1077,.T.);
#1505=ORIENTED_EDGE('',*,*,#1109,.T.);
#1506=ORIENTED_EDGE('',*,*,#1069,.T.);
#1507=ORIENTED_EDGE('',*,*,#1110,.T.);
#1508=ORIENTED_EDGE('',*,*,#1061,.T.);
#1509=ORIENTED_EDGE('',*,*,#1111,.T.);
#1510=ORIENTED_EDGE('',*,*,#1053,.T.);
#1511=ORIENTED_EDGE('',*,*,#1112,.T.);
#1512=ORIENTED_EDGE('',*,*,#1045,.T.);
#1513=ORIENTED_EDGE('',*,*,#1113,.T.);
#1514=ORIENTED_EDGE('',*,*,#1037,.T.);
#1515=ORIENTED_EDGE('',*,*,#1114,.T.);
#1516=ORIENTED_EDGE('',*,*,#1029,.T.);
#1517=ORIENTED_EDGE('',*,*,#1115,.T.);
#1518=ORIENTED_EDGE('',*,*,#1021,.T.);
#1519=ORIENTED_EDGE('',*,*,#1116,.T.);
#1520=ORIENTED_EDGE('',*,*,#1013,.T.);
#1521=ORIENTED_EDGE('',*,*,#1117,.T.);
#1522=ORIENTED_EDGE('',*,*,#1005,.T.);
#1523=ORIENTED_EDGE('',*,*,#1118,.T.);
#1524=ORIENTED_EDGE('',*,*,#997,.T.);
#1525=ORIENTED_EDGE('',*,*,#1119,.T.);
#1526=ORIENTED_EDGE('',*,*,#989,.T.);
#1527=ORIENTED_EDGE('',*,*,#1120,.T.);
#1528=ORIENTED_EDGE('',*,*,#981,.T.);
#1529=ORIENTED_EDGE('',*,*,#1121,.T.);
#1530=ORIENTED_EDGE('',*,*,#973,.T.);
#1531=ORIENTED_EDGE('',*,*,#1122,.T.);
#1532=ORIENTED_EDGE('',*,*,#965,.T.);
#1533=ORIENTED_EDGE('',*,*,#1123,.T.);
#1534=ORIENTED_EDGE('',*,*,#1124,.F.);
#1535=ORIENTED_EDGE('',*,*,#956,.T.);
#1536=ORIENTED_EDGE('',*,*,#1125,.T.);
#1537=ORIENTED_EDGE('',*,*,#1126,.T.);
#1538=ORIENTED_EDGE('',*,*,#1103,.F.);
#1539=ORIENTED_EDGE('',*,*,#1095,.T.);
#1540=ORIENTED_EDGE('',*,*,#1105,.F.);
#1541=ORIENTED_EDGE('',*,*,#1127,.T.);
#1542=ORIENTED_EDGE('',*,*,#1128,.T.);
#1543=ORIENTED_EDGE('',*,*,#1087,.T.);
#1544=ORIENTED_EDGE('',*,*,#1106,.F.);
#1545=ORIENTED_EDGE('',*,*,#1100,.T.);
#1546=ORIENTED_EDGE('',*,*,#1129,.T.);
#1547=ORIENTED_EDGE('',*,*,#1079,.T.);
#1548=ORIENTED_EDGE('',*,*,#1107,.F.);
#1549=ORIENTED_EDGE('',*,*,#1092,.T.);
#1550=ORIENTED_EDGE('',*,*,#1130,.T.);
#1551=ORIENTED_EDGE('',*,*,#1071,.T.);
#1552=ORIENTED_EDGE('',*,*,#1108,.F.);
#1553=ORIENTED_EDGE('',*,*,#1084,.T.);
#1554=ORIENTED_EDGE('',*,*,#1131,.T.);
#1555=ORIENTED_EDGE('',*,*,#1063,.T.);
#1556=ORIENTED_EDGE('',*,*,#1109,.F.);
#1557=ORIENTED_EDGE('',*,*,#1076,.T.);
#1558=ORIENTED_EDGE('',*,*,#1132,.T.);
#1559=ORIENTED_EDGE('',*,*,#1055,.T.);
#1560=ORIENTED_EDGE('',*,*,#1110,.F.);
#1561=ORIENTED_EDGE('',*,*,#1068,.T.);
#1562=ORIENTED_EDGE('',*,*,#1133,.T.);
#1563=ORIENTED_EDGE('',*,*,#1047,.T.);
#1564=ORIENTED_EDGE('',*,*,#1111,.F.);
#1565=ORIENTED_EDGE('',*,*,#1060,.T.);
#1566=ORIENTED_EDGE('',*,*,#1134,.T.);
#1567=ORIENTED_EDGE('',*,*,#1039,.T.);
#1568=ORIENTED_EDGE('',*,*,#1112,.F.);
#1569=ORIENTED_EDGE('',*,*,#1052,.T.);
#1570=ORIENTED_EDGE('',*,*,#1135,.T.);
#1571=ORIENTED_EDGE('',*,*,#1031,.T.);
#1572=ORIENTED_EDGE('',*,*,#1113,.F.);
#1573=ORIENTED_EDGE('',*,*,#1044,.T.);
#1574=ORIENTED_EDGE('',*,*,#1136,.T.);
#1575=ORIENTED_EDGE('',*,*,#1023,.T.);
#1576=ORIENTED_EDGE('',*,*,#1114,.F.);
#1577=ORIENTED_EDGE('',*,*,#1036,.T.);
#1578=ORIENTED_EDGE('',*,*,#1137,.T.);
#1579=ORIENTED_EDGE('',*,*,#1015,.T.);
#1580=ORIENTED_EDGE('',*,*,#1115,.F.);
#1581=ORIENTED_EDGE('',*,*,#1028,.T.);
#1582=ORIENTED_EDGE('',*,*,#1138,.T.);
#1583=ORIENTED_EDGE('',*,*,#1007,.T.);
#1584=ORIENTED_EDGE('',*,*,#1116,.F.);
#1585=ORIENTED_EDGE('',*,*,#1020,.T.);
#1586=ORIENTED_EDGE('',*,*,#1139,.T.);
#1587=ORIENTED_EDGE('',*,*,#999,.T.);
#1588=ORIENTED_EDGE('',*,*,#1117,.F.);
#1589=ORIENTED_EDGE('',*,*,#1012,.T.);
#1590=ORIENTED_EDGE('',*,*,#1140,.T.);
#1591=ORIENTED_EDGE('',*,*,#991,.T.);
#1592=ORIENTED_EDGE('',*,*,#1118,.F.);
#1593=ORIENTED_EDGE('',*,*,#1004,.T.);
#1594=ORIENTED_EDGE('',*,*,#1141,.T.);
#1595=ORIENTED_EDGE('',*,*,#983,.T.);
#1596=ORIENTED_EDGE('',*,*,#1119,.F.);
#1597=ORIENTED_EDGE('',*,*,#996,.T.);
#1598=ORIENTED_EDGE('',*,*,#1142,.T.);
#1599=ORIENTED_EDGE('',*,*,#975,.T.);
#1600=ORIENTED_EDGE('',*,*,#1120,.F.);
#1601=ORIENTED_EDGE('',*,*,#988,.T.);
#1602=ORIENTED_EDGE('',*,*,#1143,.T.);
#1603=ORIENTED_EDGE('',*,*,#967,.T.);
#1604=ORIENTED_EDGE('',*,*,#1121,.F.);
#1605=ORIENTED_EDGE('',*,*,#980,.T.);
#1606=ORIENTED_EDGE('',*,*,#1144,.T.);
#1607=ORIENTED_EDGE('',*,*,#959,.T.);
#1608=ORIENTED_EDGE('',*,*,#1122,.F.);
#1609=ORIENTED_EDGE('',*,*,#972,.T.);
#1610=ORIENTED_EDGE('',*,*,#1145,.T.);
#1611=ORIENTED_EDGE('',*,*,#1126,.F.);
#1612=ORIENTED_EDGE('',*,*,#1146,.F.);
#1613=ORIENTED_EDGE('',*,*,#1147,.T.);
#1614=ORIENTED_EDGE('',*,*,#1148,.F.);
#1615=ORIENTED_EDGE('',*,*,#1147,.F.);
#1616=ORIENTED_EDGE('',*,*,#1149,.F.);
#1617=ORIENTED_EDGE('',*,*,#1127,.F.);
#1618=ORIENTED_EDGE('',*,*,#1104,.F.);
#1619=ORIENTED_EDGE('',*,*,#1148,.T.);
#1620=ORIENTED_EDGE('',*,*,#1150,.T.);
#1621=ORIENTED_EDGE('',*,*,#1150,.F.);
#1622=ORIENTED_EDGE('',*,*,#1151,.F.);
#1623=ORIENTED_EDGE('',*,*,#1152,.T.);
#1624=ORIENTED_EDGE('',*,*,#948,.T.);
#1625=ORIENTED_EDGE('',*,*,#903,.T.);
#1626=ORIENTED_EDGE('',*,*,#910,.T.);
#1627=ORIENTED_EDGE('',*,*,#908,.T.);
#1628=ORIENTED_EDGE('',*,*,#947,.T.);
#1629=ORIENTED_EDGE('',*,*,#925,.T.);
#1630=ORIENTED_EDGE('',*,*,#932,.T.);
#1631=ORIENTED_EDGE('',*,*,#930,.T.);
#1632=ORIENTED_EDGE('',*,*,#946,.T.);
#1633=ORIENTED_EDGE('',*,*,#940,.T.);
#1634=ORIENTED_EDGE('',*,*,#943,.T.);
#1635=ORIENTED_EDGE('',*,*,#934,.T.);
#1636=ORIENTED_EDGE('',*,*,#945,.T.);
#1637=ORIENTED_EDGE('',*,*,#914,.T.);
#1638=ORIENTED_EDGE('',*,*,#921,.T.);
#1639=ORIENTED_EDGE('',*,*,#919,.T.);
#1640=ORIENTED_EDGE('',*,*,#944,.T.);
#1641=ORIENTED_EDGE('',*,*,#892,.T.);
#1642=ORIENTED_EDGE('',*,*,#899,.T.);
#1643=ORIENTED_EDGE('',*,*,#897,.T.);
#1644=ORIENTED_EDGE('',*,*,#949,.T.);
#1645=ORIENTED_EDGE('',*,*,#1152,.F.);
#1646=ORIENTED_EDGE('',*,*,#1151,.T.);
#1647=ORIENTED_EDGE('',*,*,#876,.T.);
#1648=ORIENTED_EDGE('',*,*,#879,.T.);
#1649=ORIENTED_EDGE('',*,*,#882,.T.);
#1650=ORIENTED_EDGE('',*,*,#885,.T.);
#1651=ORIENTED_EDGE('',*,*,#888,.T.);
#1652=ORIENTED_EDGE('',*,*,#955,.T.);
#1653=ORIENTED_EDGE('',*,*,#952,.T.);
#1654=ORIENTED_EDGE('',*,*,#1153,.F.);
#1655=ORIENTED_EDGE('',*,*,#963,.T.);
#1656=ORIENTED_EDGE('',*,*,#960,.T.);
#1657=ORIENTED_EDGE('',*,*,#1145,.F.);
#1658=ORIENTED_EDGE('',*,*,#971,.T.);
#1659=ORIENTED_EDGE('',*,*,#968,.T.);
#1660=ORIENTED_EDGE('',*,*,#1144,.F.);
#1661=ORIENTED_EDGE('',*,*,#979,.T.);
#1662=ORIENTED_EDGE('',*,*,#976,.T.);
#1663=ORIENTED_EDGE('',*,*,#1143,.F.);
#1664=ORIENTED_EDGE('',*,*,#987,.T.);
#1665=ORIENTED_EDGE('',*,*,#984,.T.);
#1666=ORIENTED_EDGE('',*,*,#1142,.F.);
#1667=ORIENTED_EDGE('',*,*,#995,.T.);
#1668=ORIENTED_EDGE('',*,*,#992,.T.);
#1669=ORIENTED_EDGE('',*,*,#1141,.F.);
#1670=ORIENTED_EDGE('',*,*,#1003,.T.);
#1671=ORIENTED_EDGE('',*,*,#1000,.T.);
#1672=ORIENTED_EDGE('',*,*,#1140,.F.);
#1673=ORIENTED_EDGE('',*,*,#1011,.T.);
#1674=ORIENTED_EDGE('',*,*,#1008,.T.);
#1675=ORIENTED_EDGE('',*,*,#1139,.F.);
#1676=ORIENTED_EDGE('',*,*,#1019,.T.);
#1677=ORIENTED_EDGE('',*,*,#1016,.T.);
#1678=ORIENTED_EDGE('',*,*,#1138,.F.);
#1679=ORIENTED_EDGE('',*,*,#1027,.T.);
#1680=ORIENTED_EDGE('',*,*,#1024,.T.);
#1681=ORIENTED_EDGE('',*,*,#1137,.F.);
#1682=ORIENTED_EDGE('',*,*,#1035,.T.);
#1683=ORIENTED_EDGE('',*,*,#1032,.T.);
#1684=ORIENTED_EDGE('',*,*,#1136,.F.);
#1685=ORIENTED_EDGE('',*,*,#1043,.T.);
#1686=ORIENTED_EDGE('',*,*,#1040,.T.);
#1687=ORIENTED_EDGE('',*,*,#1135,.F.);
#1688=ORIENTED_EDGE('',*,*,#1051,.T.);
#1689=ORIENTED_EDGE('',*,*,#1048,.T.);
#1690=ORIENTED_EDGE('',*,*,#1134,.F.);
#1691=ORIENTED_EDGE('',*,*,#1059,.T.);
#1692=ORIENTED_EDGE('',*,*,#1056,.T.);
#1693=ORIENTED_EDGE('',*,*,#1133,.F.);
#1694=ORIENTED_EDGE('',*,*,#1067,.T.);
#1695=ORIENTED_EDGE('',*,*,#1064,.T.);
#1696=ORIENTED_EDGE('',*,*,#1132,.F.);
#1697=ORIENTED_EDGE('',*,*,#1075,.T.);
#1698=ORIENTED_EDGE('',*,*,#1072,.T.);
#1699=ORIENTED_EDGE('',*,*,#1131,.F.);
#1700=ORIENTED_EDGE('',*,*,#1083,.T.);
#1701=ORIENTED_EDGE('',*,*,#1080,.T.);
#1702=ORIENTED_EDGE('',*,*,#1130,.F.);
#1703=ORIENTED_EDGE('',*,*,#1091,.T.);
#1704=ORIENTED_EDGE('',*,*,#1088,.T.);
#1705=ORIENTED_EDGE('',*,*,#1129,.F.);
#1706=ORIENTED_EDGE('',*,*,#1099,.T.);
#1707=ORIENTED_EDGE('',*,*,#1096,.T.);
#1708=ORIENTED_EDGE('',*,*,#1128,.F.);
#1709=ORIENTED_EDGE('',*,*,#1149,.T.);
#1710=ORIENTED_EDGE('',*,*,#1146,.T.);
#1711=ORIENTED_EDGE('',*,*,#1125,.F.);
#1712=ORIENTED_EDGE('',*,*,#951,.T.);
#1713=ORIENTED_EDGE('',*,*,#1123,.F.);
#1714=ORIENTED_EDGE('',*,*,#964,.T.);
#1715=ORIENTED_EDGE('',*,*,#1153,.T.);
#1716=ORIENTED_EDGE('',*,*,#1124,.T.);
#1717=ORIENTED_EDGE('',*,*,#1154,.T.);
#1718=ORIENTED_EDGE('',*,*,#1155,.F.);
#1719=ORIENTED_EDGE('',*,*,#1154,.F.);
#1720=ORIENTED_EDGE('',*,*,#1155,.T.);
#1721=ORIENTED_EDGE('',*,*,#1156,.F.);
#1722=ORIENTED_EDGE('',*,*,#1156,.T.);
#1723=ORIENTED_EDGE('',*,*,#1157,.T.);
#1724=ORIENTED_EDGE('',*,*,#950,.F.);
#1725=ORIENTED_EDGE('',*,*,#1157,.F.);
#1726=CYLINDRICAL_SURFACE('',#1894,2.1);
#1727=CYLINDRICAL_SURFACE('',#1897,2.1);
#1728=CYLINDRICAL_SURFACE('',#1900,2.1);
#1729=CYLINDRICAL_SURFACE('',#1903,2.1);
#1730=CYLINDRICAL_SURFACE('',#1906,2.1);
#1731=CYLINDRICAL_SURFACE('',#1910,3.5);
#1732=CYLINDRICAL_SURFACE('',#1917,3.5);
#1733=CYLINDRICAL_SURFACE('',#1924,3.5);
#1734=CYLINDRICAL_SURFACE('',#1931,3.5);
#1735=CYLINDRICAL_SURFACE('',#1939,3.5);
#1736=CYLINDRICAL_SURFACE('',#1952,2.);
#1737=CYLINDRICAL_SURFACE('',#1958,2.);
#1738=CYLINDRICAL_SURFACE('',#1964,2.);
#1739=CYLINDRICAL_SURFACE('',#1970,2.);
#1740=CYLINDRICAL_SURFACE('',#1976,2.);
#1741=CYLINDRICAL_SURFACE('',#1982,2.);
#1742=CYLINDRICAL_SURFACE('',#1988,2.);
#1743=CYLINDRICAL_SURFACE('',#1994,2.);
#1744=CYLINDRICAL_SURFACE('',#2000,2.);
#1745=CYLINDRICAL_SURFACE('',#2006,2.);
#1746=CYLINDRICAL_SURFACE('',#2012,2.);
#1747=CYLINDRICAL_SURFACE('',#2018,2.);
#1748=CYLINDRICAL_SURFACE('',#2024,2.);
#1749=CYLINDRICAL_SURFACE('',#2030,2.);
#1750=CYLINDRICAL_SURFACE('',#2036,2.);
#1751=CYLINDRICAL_SURFACE('',#2042,2.);
#1752=CYLINDRICAL_SURFACE('',#2048,2.);
#1753=CYLINDRICAL_SURFACE('',#2054,2.);
#1754=CYLINDRICAL_SURFACE('',#2060,2.);
#1755=CYLINDRICAL_SURFACE('',#2089,35.);
#1756=CYLINDRICAL_SURFACE('',#2091,35.);
#1757=CYLINDRICAL_SURFACE('',#2093,35.);
#1758=CYLINDRICAL_SURFACE('',#2095,35.);
#1759=CYLINDRICAL_SURFACE('',#2097,35.);
#1760=CYLINDRICAL_SURFACE('',#2099,35.);
#1761=CYLINDRICAL_SURFACE('',#2101,35.);
#1762=CYLINDRICAL_SURFACE('',#2103,35.);
#1763=CYLINDRICAL_SURFACE('',#2105,35.);
#1764=CYLINDRICAL_SURFACE('',#2107,35.);
#1765=CYLINDRICAL_SURFACE('',#2109,35.);
#1766=CYLINDRICAL_SURFACE('',#2111,35.);
#1767=CYLINDRICAL_SURFACE('',#2113,35.);
#1768=CYLINDRICAL_SURFACE('',#2115,35.);
#1769=CYLINDRICAL_SURFACE('',#2117,35.);
#1770=CYLINDRICAL_SURFACE('',#2119,35.);
#1771=CYLINDRICAL_SURFACE('',#2121,35.);
#1772=CYLINDRICAL_SURFACE('',#2123,35.);
#1773=CYLINDRICAL_SURFACE('',#2125,35.);
#1774=CYLINDRICAL_SURFACE('',#2127,2.);
#1775=CYLINDRICAL_SURFACE('',#2132,42.5);
#1776=CYLINDRICAL_SURFACE('',#2136,35.);
#1777=CYLINDRICAL_SURFACE('',#2137,29.);
#1778=CYLINDRICAL_SURFACE('',#2141,24.);
#1779=ADVANCED_FACE('',(#68),#1726,.F.);
#1780=ADVANCED_FACE('',(#69),#1727,.F.);
#1781=ADVANCED_FACE('',(#70),#1728,.F.);
#1782=ADVANCED_FACE('',(#71),#1729,.F.);
#1783=ADVANCED_FACE('',(#72),#1730,.F.);
#1784=ADVANCED_FACE('',(#73),#49,.F.);
#1785=ADVANCED_FACE('',(#74),#1731,.F.);
#1786=ADVANCED_FACE('',(#75),#50,.F.);
#1787=ADVANCED_FACE('',(#76,#35),#51,.T.);
#1788=ADVANCED_FACE('',(#77),#52,.F.);
#1789=ADVANCED_FACE('',(#78),#1732,.F.);
#1790=ADVANCED_FACE('',(#79),#53,.F.);
#1791=ADVANCED_FACE('',(#80,#36),#54,.T.);
#1792=ADVANCED_FACE('',(#81),#55,.F.);
#1793=ADVANCED_FACE('',(#82),#1733,.F.);
#1794=ADVANCED_FACE('',(#83),#56,.F.);
#1795=ADVANCED_FACE('',(#84,#37),#57,.T.);
#1796=ADVANCED_FACE('',(#85),#58,.F.);
#1797=ADVANCED_FACE('',(#86),#1734,.F.);
#1798=ADVANCED_FACE('',(#87),#59,.F.);
#1799=ADVANCED_FACE('',(#88,#38),#60,.T.);
#1800=ADVANCED_FACE('',(#89),#61,.F.);
#1801=ADVANCED_FACE('',(#90),#62,.F.);
#1802=ADVANCED_FACE('',(#91),#1735,.F.);
#1803=ADVANCED_FACE('',(#92,#39),#63,.T.);
#1804=ADVANCED_FACE('',(#93,#40),#64,.T.);
#1805=ADVANCED_FACE('',(#94),#1736,.F.);
#1806=ADVANCED_FACE('',(#95),#15,.F.);
#1807=ADVANCED_FACE('',(#96),#1737,.F.);
#1808=ADVANCED_FACE('',(#97),#16,.F.);
#1809=ADVANCED_FACE('',(#98),#1738,.F.);
#1810=ADVANCED_FACE('',(#99),#17,.F.);
#1811=ADVANCED_FACE('',(#100),#1739,.F.);
#1812=ADVANCED_FACE('',(#101),#18,.F.);
#1813=ADVANCED_FACE('',(#102),#1740,.F.);
#1814=ADVANCED_FACE('',(#103),#19,.F.);
#1815=ADVANCED_FACE('',(#104),#1741,.F.);
#1816=ADVANCED_FACE('',(#105),#20,.F.);
#1817=ADVANCED_FACE('',(#106),#1742,.F.);
#1818=ADVANCED_FACE('',(#107),#21,.F.);
#1819=ADVANCED_FACE('',(#108),#1743,.F.);
#1820=ADVANCED_FACE('',(#109),#22,.F.);
#1821=ADVANCED_FACE('',(#110),#1744,.F.);
#1822=ADVANCED_FACE('',(#111),#23,.F.);
#1823=ADVANCED_FACE('',(#112),#1745,.F.);
#1824=ADVANCED_FACE('',(#113),#24,.F.);
#1825=ADVANCED_FACE('',(#114),#1746,.F.);
#1826=ADVANCED_FACE('',(#115),#25,.F.);
#1827=ADVANCED_FACE('',(#116),#1747,.F.);
#1828=ADVANCED_FACE('',(#117),#26,.F.);
#1829=ADVANCED_FACE('',(#118),#1748,.F.);
#1830=ADVANCED_FACE('',(#119),#27,.F.);
#1831=ADVANCED_FACE('',(#120),#1749,.F.);
#1832=ADVANCED_FACE('',(#121),#28,.F.);
#1833=ADVANCED_FACE('',(#122),#1750,.F.);
#1834=ADVANCED_FACE('',(#123),#29,.F.);
#1835=ADVANCED_FACE('',(#124),#1751,.F.);
#1836=ADVANCED_FACE('',(#125),#30,.F.);
#1837=ADVANCED_FACE('',(#126),#1752,.F.);
#1838=ADVANCED_FACE('',(#127),#31,.F.);
#1839=ADVANCED_FACE('',(#128),#1753,.F.);
#1840=ADVANCED_FACE('',(#129),#32,.F.);
#1841=ADVANCED_FACE('',(#130),#1754,.F.);
#1842=ADVANCED_FACE('',(#131),#33,.F.);
#1843=ADVANCED_FACE('',(#132,#41),#65,.T.);
#1844=ADVANCED_FACE('',(#133),#1755,.F.);
#1845=ADVANCED_FACE('',(#134),#1756,.F.);
#1846=ADVANCED_FACE('',(#135),#1757,.F.);
#1847=ADVANCED_FACE('',(#136),#1758,.F.);
#1848=ADVANCED_FACE('',(#137),#1759,.F.);
#1849=ADVANCED_FACE('',(#138),#1760,.F.);
#1850=ADVANCED_FACE('',(#139),#1761,.F.);
#1851=ADVANCED_FACE('',(#140),#1762,.F.);
#1852=ADVANCED_FACE('',(#141),#1763,.F.);
#1853=ADVANCED_FACE('',(#142),#1764,.F.);
#1854=ADVANCED_FACE('',(#143),#1765,.F.);
#1855=ADVANCED_FACE('',(#144),#1766,.F.);
#1856=ADVANCED_FACE('',(#145),#1767,.F.);
#1857=ADVANCED_FACE('',(#146),#1768,.F.);
#1858=ADVANCED_FACE('',(#147),#1769,.F.);
#1859=ADVANCED_FACE('',(#148),#1770,.F.);
#1860=ADVANCED_FACE('',(#149),#1771,.F.);
#1861=ADVANCED_FACE('',(#150),#1772,.F.);
#1862=ADVANCED_FACE('',(#151),#1773,.F.);
#1863=ADVANCED_FACE('',(#152),#1774,.F.);
#1864=ADVANCED_FACE('',(#153),#34,.F.);
#1865=ADVANCED_FACE('',(#154),#1775,.T.);
#1866=ADVANCED_FACE('',(#155,#42,#43,#44,#45,#46,#47),#66,.T.);
#1867=ADVANCED_FACE('',(#156),#1776,.F.);
#1868=ADVANCED_FACE('',(#157),#1777,.F.);
#1869=ADVANCED_FACE('',(#158,#48),#67,.T.);
#1870=ADVANCED_FACE('',(#159),#1778,.F.);
#1871=CLOSED_SHELL('',(#1779,#1780,#1781,#1782,#1783,#1784,#1785,#1786,
#1787,#1788,#1789,#1790,#1791,#1792,#1793,#1794,#1795,#1796,#1797,#1798,
#1799,#1800,#1801,#1802,#1803,#1804,#1805,#1806,#1807,#1808,#1809,#1810,
#1811,#1812,#1813,#1814,#1815,#1816,#1817,#1818,#1819,#1820,#1821,#1822,
#1823,#1824,#1825,#1826,#1827,#1828,#1829,#1830,#1831,#1832,#1833,#1834,
#1835,#1836,#1837,#1838,#1839,#1840,#1841,#1842,#1843,#1844,#1845,#1846,
#1847,#1848,#1849,#1850,#1851,#1852,#1853,#1854,#1855,#1856,#1857,#1858,
#1859,#1860,#1861,#1862,#1863,#1864,#1865,#1866,#1867,#1868,#1869,#1870));
#1872=DERIVED_UNIT_ELEMENT(#1875,1.);
#1873=DERIVED_UNIT_ELEMENT(#3346,-3.);
#1874=DIMENSIONAL_EXPONENTS(0.,1.,0.,0.,0.,0.,0.);
#1875=(
CONVERSION_BASED_UNIT('gram',#1877)
MASS_UNIT()
NAMED_UNIT(#1874)
);
#1876=(
MASS_UNIT()
NAMED_UNIT(*)
SI_UNIT(.KILO.,.GRAM.)
);
#1877=MASS_MEASURE_WITH_UNIT(MASS_MEASURE(0.001),#1876);
#1878=DERIVED_UNIT((#1872,#1873));
#1879=MEASURE_REPRESENTATION_ITEM('density measure',
POSITIVE_RATIO_MEASURE(1.),#1878);
#1880=PROPERTY_DEFINITION_REPRESENTATION(#1885,#1882);
#1881=PROPERTY_DEFINITION_REPRESENTATION(#1886,#1883);
#1882=REPRESENTATION('material name',(#1884),#3343);
#1883=REPRESENTATION('density',(#1879),#3343);
#1884=DESCRIPTIVE_REPRESENTATION_ITEM('Generic','Generic');
#1885=PROPERTY_DEFINITION('material property','material name',#3353);
#1886=PROPERTY_DEFINITION('material property','density of part',#3353);
#1887=DATE_TIME_ROLE('creation_date');
#1888=APPLIED_DATE_AND_TIME_ASSIGNMENT(#1889,#1887,(#3353));
#1889=DATE_AND_TIME(#1890,#1891);
#1890=CALENDAR_DATE(2026,4,1);
#1891=LOCAL_TIME(0,0,0.,#1892);
#1892=COORDINATED_UNIVERSAL_TIME_OFFSET(0,0,.BEHIND.);
#1893=AXIS2_PLACEMENT_3D('',#2768,#2142,#2143);
#1894=AXIS2_PLACEMENT_3D('',#2769,#2144,#2145);
#1895=AXIS2_PLACEMENT_3D('',#2771,#2146,#2147);
#1896=AXIS2_PLACEMENT_3D('',#2774,#2149,#2150);
#1897=AXIS2_PLACEMENT_3D('',#2775,#2151,#2152);
#1898=AXIS2_PLACEMENT_3D('',#2777,#2153,#2154);
#1899=AXIS2_PLACEMENT_3D('',#2780,#2156,#2157);
#1900=AXIS2_PLACEMENT_3D('',#2781,#2158,#2159);
#1901=AXIS2_PLACEMENT_3D('',#2783,#2160,#2161);
#1902=AXIS2_PLACEMENT_3D('',#2786,#2163,#2164);
#1903=AXIS2_PLACEMENT_3D('',#2787,#2165,#2166);
#1904=AXIS2_PLACEMENT_3D('',#2789,#2167,#2168);
#1905=AXIS2_PLACEMENT_3D('',#2792,#2170,#2171);
#1906=AXIS2_PLACEMENT_3D('',#2793,#2172,#2173);
#1907=AXIS2_PLACEMENT_3D('',#2795,#2174,#2175);
#1908=AXIS2_PLACEMENT_3D('',#2798,#2177,#2178);
#1909=AXIS2_PLACEMENT_3D('',#2799,#2179,#2180);
#1910=AXIS2_PLACEMENT_3D('',#2808,#2185,#2186);
#1911=AXIS2_PLACEMENT_3D('',#2810,#2187,#2188);
#1912=AXIS2_PLACEMENT_3D('',#2813,#2190,#2191);
#1913=AXIS2_PLACEMENT_3D('',#2814,#2192,#2193);
#1914=AXIS2_PLACEMENT_3D('',#2820,#2197,#2198);
#1915=AXIS2_PLACEMENT_3D('',#2821,#2199,#2200);
#1916=AXIS2_PLACEMENT_3D('',#2822,#2201,#2202);
#1917=AXIS2_PLACEMENT_3D('',#2831,#2207,#2208);
#1918=AXIS2_PLACEMENT_3D('',#2833,#2209,#2210);
#1919=AXIS2_PLACEMENT_3D('',#2836,#2212,#2213);
#1920=AXIS2_PLACEMENT_3D('',#2837,#2214,#2215);
#1921=AXIS2_PLACEMENT_3D('',#2843,#2219,#2220);
#1922=AXIS2_PLACEMENT_3D('',#2844,#2221,#2222);
#1923=AXIS2_PLACEMENT_3D('',#2845,#2223,#2224);
#1924=AXIS2_PLACEMENT_3D('',#2854,#2229,#2230);
#1925=AXIS2_PLACEMENT_3D('',#2856,#2231,#2232);
#1926=AXIS2_PLACEMENT_3D('',#2859,#2234,#2235);
#1927=AXIS2_PLACEMENT_3D('',#2860,#2236,#2237);
#1928=AXIS2_PLACEMENT_3D('',#2866,#2241,#2242);
#1929=AXIS2_PLACEMENT_3D('',#2867,#2243,#2244);
#1930=AXIS2_PLACEMENT_3D('',#2868,#2245,#2246);
#1931=AXIS2_PLACEMENT_3D('',#2877,#2251,#2252);
#1932=AXIS2_PLACEMENT_3D('',#2879,#2253,#2254);
#1933=AXIS2_PLACEMENT_3D('',#2882,#2256,#2257);
#1934=AXIS2_PLACEMENT_3D('',#2883,#2258,#2259);
#1935=AXIS2_PLACEMENT_3D('',#2889,#2263,#2264);
#1936=AXIS2_PLACEMENT_3D('',#2890,#2265,#2266);
#1937=AXIS2_PLACEMENT_3D('',#2891,#2267,#2268);
#1938=AXIS2_PLACEMENT_3D('',#2900,#2273,#2274);
#1939=AXIS2_PLACEMENT_3D('',#2909,#2279,#2280);
#1940=AXIS2_PLACEMENT_3D('',#2910,#2281,#2282);
#1941=AXIS2_PLACEMENT_3D('',#2911,#2283,#2284);
#1942=AXIS2_PLACEMENT_3D('',#2912,#2285,#2286);
#1943=AXIS2_PLACEMENT_3D('',#2913,#2287,#2288);
#1944=AXIS2_PLACEMENT_3D('',#2914,#2289,#2290);
#1945=AXIS2_PLACEMENT_3D('',#2915,#2291,#2292);
#1946=AXIS2_PLACEMENT_3D('',#2916,#2293,#2294);
#1947=AXIS2_PLACEMENT_3D('',#2917,#2295,#2296);
#1948=AXIS2_PLACEMENT_3D('',#2918,#2297,#2298);
#1949=AXIS2_PLACEMENT_3D('',#2920,#2299,#2300);
#1950=AXIS2_PLACEMENT_3D('',#2921,#2301,#2302);
#1951=AXIS2_PLACEMENT_3D('',#2923,#2303,#2304);
#1952=AXIS2_PLACEMENT_3D('',#2924,#2305,#2306);
#1953=AXIS2_PLACEMENT_3D('',#2929,#2308,#2309);
#1954=AXIS2_PLACEMENT_3D('',#2932,#2311,#2312);
#1955=AXIS2_PLACEMENT_3D('',#2934,#2313,#2314);
#1956=AXIS2_PLACEMENT_3D('',#2937,#2316,#2317);
#1957=AXIS2_PLACEMENT_3D('',#2938,#2318,#2319);
#1958=AXIS2_PLACEMENT_3D('',#2941,#2321,#2322);
#1959=AXIS2_PLACEMENT_3D('',#2946,#2324,#2325);
#1960=AXIS2_PLACEMENT_3D('',#2949,#2327,#2328);
#1961=AXIS2_PLACEMENT_3D('',#2951,#2329,#2330);
#1962=AXIS2_PLACEMENT_3D('',#2954,#2332,#2333);
#1963=AXIS2_PLACEMENT_3D('',#2955,#2334,#2335);
#1964=AXIS2_PLACEMENT_3D('',#2958,#2337,#2338);
#1965=AXIS2_PLACEMENT_3D('',#2963,#2340,#2341);
#1966=AXIS2_PLACEMENT_3D('',#2966,#2343,#2344);
#1967=AXIS2_PLACEMENT_3D('',#2968,#2345,#2346);
#1968=AXIS2_PLACEMENT_3D('',#2971,#2348,#2349);
#1969=AXIS2_PLACEMENT_3D('',#2972,#2350,#2351);
#1970=AXIS2_PLACEMENT_3D('',#2975,#2353,#2354);
#1971=AXIS2_PLACEMENT_3D('',#2980,#2356,#2357);
#1972=AXIS2_PLACEMENT_3D('',#2983,#2359,#2360);
#1973=AXIS2_PLACEMENT_3D('',#2985,#2361,#2362);
#1974=AXIS2_PLACEMENT_3D('',#2988,#2364,#2365);
#1975=AXIS2_PLACEMENT_3D('',#2989,#2366,#2367);
#1976=AXIS2_PLACEMENT_3D('',#2992,#2369,#2370);
#1977=AXIS2_PLACEMENT_3D('',#2997,#2372,#2373);
#1978=AXIS2_PLACEMENT_3D('',#3000,#2375,#2376);
#1979=AXIS2_PLACEMENT_3D('',#3002,#2377,#2378);
#1980=AXIS2_PLACEMENT_3D('',#3005,#2380,#2381);
#1981=AXIS2_PLACEMENT_3D('',#3006,#2382,#2383);
#1982=AXIS2_PLACEMENT_3D('',#3009,#2385,#2386);
#1983=AXIS2_PLACEMENT_3D('',#3014,#2388,#2389);
#1984=AXIS2_PLACEMENT_3D('',#3017,#2391,#2392);
#1985=AXIS2_PLACEMENT_3D('',#3019,#2393,#2394);
#1986=AXIS2_PLACEMENT_3D('',#3022,#2396,#2397);
#1987=AXIS2_PLACEMENT_3D('',#3023,#2398,#2399);
#1988=AXIS2_PLACEMENT_3D('',#3026,#2401,#2402);
#1989=AXIS2_PLACEMENT_3D('',#3031,#2404,#2405);
#1990=AXIS2_PLACEMENT_3D('',#3034,#2407,#2408);
#1991=AXIS2_PLACEMENT_3D('',#3036,#2409,#2410);
#1992=AXIS2_PLACEMENT_3D('',#3039,#2412,#2413);
#1993=AXIS2_PLACEMENT_3D('',#3040,#2414,#2415);
#1994=AXIS2_PLACEMENT_3D('',#3043,#2417,#2418);
#1995=AXIS2_PLACEMENT_3D('',#3048,#2420,#2421);
#1996=AXIS2_PLACEMENT_3D('',#3051,#2423,#2424);
#1997=AXIS2_PLACEMENT_3D('',#3053,#2425,#2426);
#1998=AXIS2_PLACEMENT_3D('',#3056,#2428,#2429);
#1999=AXIS2_PLACEMENT_3D('',#3057,#2430,#2431);
#2000=AXIS2_PLACEMENT_3D('',#3060,#2433,#2434);
#2001=AXIS2_PLACEMENT_3D('',#3065,#2436,#2437);
#2002=AXIS2_PLACEMENT_3D('',#3068,#2439,#2440);
#2003=AXIS2_PLACEMENT_3D('',#3070,#2441,#2442);
#2004=AXIS2_PLACEMENT_3D('',#3073,#2444,#2445);
#2005=AXIS2_PLACEMENT_3D('',#3074,#2446,#2447);
#2006=AXIS2_PLACEMENT_3D('',#3077,#2449,#2450);
#2007=AXIS2_PLACEMENT_3D('',#3082,#2452,#2453);
#2008=AXIS2_PLACEMENT_3D('',#3085,#2455,#2456);
#2009=AXIS2_PLACEMENT_3D('',#3087,#2457,#2458);
#2010=AXIS2_PLACEMENT_3D('',#3090,#2460,#2461);
#2011=AXIS2_PLACEMENT_3D('',#3091,#2462,#2463);
#2012=AXIS2_PLACEMENT_3D('',#3094,#2465,#2466);
#2013=AXIS2_PLACEMENT_3D('',#3099,#2468,#2469);
#2014=AXIS2_PLACEMENT_3D('',#3102,#2471,#2472);
#2015=AXIS2_PLACEMENT_3D('',#3104,#2473,#2474);
#2016=AXIS2_PLACEMENT_3D('',#3107,#2476,#2477);
#2017=AXIS2_PLACEMENT_3D('',#3108,#2478,#2479);
#2018=AXIS2_PLACEMENT_3D('',#3111,#2481,#2482);
#2019=AXIS2_PLACEMENT_3D('',#3116,#2484,#2485);
#2020=AXIS2_PLACEMENT_3D('',#3119,#2487,#2488);
#2021=AXIS2_PLACEMENT_3D('',#3121,#2489,#2490);
#2022=AXIS2_PLACEMENT_3D('',#3124,#2492,#2493);
#2023=AXIS2_PLACEMENT_3D('',#3125,#2494,#2495);
#2024=AXIS2_PLACEMENT_3D('',#3128,#2497,#2498);
#2025=AXIS2_PLACEMENT_3D('',#3133,#2500,#2501);
#2026=AXIS2_PLACEMENT_3D('',#3136,#2503,#2504);
#2027=AXIS2_PLACEMENT_3D('',#3138,#2505,#2506);
#2028=AXIS2_PLACEMENT_3D('',#3141,#2508,#2509);
#2029=AXIS2_PLACEMENT_3D('',#3142,#2510,#2511);
#2030=AXIS2_PLACEMENT_3D('',#3145,#2513,#2514);
#2031=AXIS2_PLACEMENT_3D('',#3150,#2516,#2517);
#2032=AXIS2_PLACEMENT_3D('',#3153,#2519,#2520);
#2033=AXIS2_PLACEMENT_3D('',#3155,#2521,#2522);
#2034=AXIS2_PLACEMENT_3D('',#3158,#2524,#2525);
#2035=AXIS2_PLACEMENT_3D('',#3159,#2526,#2527);
#2036=AXIS2_PLACEMENT_3D('',#3162,#2529,#2530);
#2037=AXIS2_PLACEMENT_3D('',#3167,#2532,#2533);
#2038=AXIS2_PLACEMENT_3D('',#3170,#2535,#2536);
#2039=AXIS2_PLACEMENT_3D('',#3172,#2537,#2538);
#2040=AXIS2_PLACEMENT_3D('',#3175,#2540,#2541);
#2041=AXIS2_PLACEMENT_3D('',#3176,#2542,#2543);
#2042=AXIS2_PLACEMENT_3D('',#3179,#2545,#2546);
#2043=AXIS2_PLACEMENT_3D('',#3184,#2548,#2549);
#2044=AXIS2_PLACEMENT_3D('',#3187,#2551,#2552);
#2045=AXIS2_PLACEMENT_3D('',#3189,#2553,#2554);
#2046=AXIS2_PLACEMENT_3D('',#3192,#2556,#2557);
#2047=AXIS2_PLACEMENT_3D('',#3193,#2558,#2559);
#2048=AXIS2_PLACEMENT_3D('',#3196,#2561,#2562);
#2049=AXIS2_PLACEMENT_3D('',#3201,#2564,#2565);
#2050=AXIS2_PLACEMENT_3D('',#3204,#2567,#2568);
#2051=AXIS2_PLACEMENT_3D('',#3206,#2569,#2570);
#2052=AXIS2_PLACEMENT_3D('',#3209,#2572,#2573);
#2053=AXIS2_PLACEMENT_3D('',#3210,#2574,#2575);
#2054=AXIS2_PLACEMENT_3D('',#3213,#2577,#2578);
#2055=AXIS2_PLACEMENT_3D('',#3218,#2580,#2581);
#2056=AXIS2_PLACEMENT_3D('',#3221,#2583,#2584);
#2057=AXIS2_PLACEMENT_3D('',#3223,#2585,#2586);
#2058=AXIS2_PLACEMENT_3D('',#3226,#2588,#2589);
#2059=AXIS2_PLACEMENT_3D('',#3227,#2590,#2591);
#2060=AXIS2_PLACEMENT_3D('',#3230,#2593,#2594);
#2061=AXIS2_PLACEMENT_3D('',#3235,#2596,#2597);
#2062=AXIS2_PLACEMENT_3D('',#3238,#2599,#2600);
#2063=AXIS2_PLACEMENT_3D('',#3240,#2601,#2602);
#2064=AXIS2_PLACEMENT_3D('',#3243,#2604,#2605);
#2065=AXIS2_PLACEMENT_3D('',#3244,#2606,#2607);
#2066=AXIS2_PLACEMENT_3D('',#3247,#2609,#2610);
#2067=AXIS2_PLACEMENT_3D('',#3249,#2611,#2612);
#2068=AXIS2_PLACEMENT_3D('',#3251,#2613,#2614);
#2069=AXIS2_PLACEMENT_3D('',#3252,#2615,#2616);
#2070=AXIS2_PLACEMENT_3D('',#3253,#2617,#2618);
#2071=AXIS2_PLACEMENT_3D('',#3254,#2619,#2620);
#2072=AXIS2_PLACEMENT_3D('',#3255,#2621,#2622);
#2073=AXIS2_PLACEMENT_3D('',#3256,#2623,#2624);
#2074=AXIS2_PLACEMENT_3D('',#3257,#2625,#2626);
#2075=AXIS2_PLACEMENT_3D('',#3258,#2627,#2628);
#2076=AXIS2_PLACEMENT_3D('',#3259,#2629,#2630);
#2077=AXIS2_PLACEMENT_3D('',#3260,#2631,#2632);
#2078=AXIS2_PLACEMENT_3D('',#3261,#2633,#2634);
#2079=AXIS2_PLACEMENT_3D('',#3262,#2635,#2636);
#2080=AXIS2_PLACEMENT_3D('',#3263,#2637,#2638);
#2081=AXIS2_PLACEMENT_3D('',#3264,#2639,#2640);
#2082=AXIS2_PLACEMENT_3D('',#3265,#2641,#2642);
#2083=AXIS2_PLACEMENT_3D('',#3266,#2643,#2644);
#2084=AXIS2_PLACEMENT_3D('',#3267,#2645,#2646);
#2085=AXIS2_PLACEMENT_3D('',#3268,#2647,#2648);
#2086=AXIS2_PLACEMENT_3D('',#3269,#2649,#2650);
#2087=AXIS2_PLACEMENT_3D('',#3270,#2651,#2652);
#2088=AXIS2_PLACEMENT_3D('',#3272,#2653,#2654);
#2089=AXIS2_PLACEMENT_3D('',#3273,#2655,#2656);
#2090=AXIS2_PLACEMENT_3D('',#3275,#2657,#2658);
#2091=AXIS2_PLACEMENT_3D('',#3277,#2660,#2661);
#2092=AXIS2_PLACEMENT_3D('',#3280,#2663,#2664);
#2093=AXIS2_PLACEMENT_3D('',#3281,#2665,#2666);
#2094=AXIS2_PLACEMENT_3D('',#3282,#2667,#2668);
#2095=AXIS2_PLACEMENT_3D('',#3283,#2669,#2670);
#2096=AXIS2_PLACEMENT_3D('',#3284,#2671,#2672);
#2097=AXIS2_PLACEMENT_3D('',#3285,#2673,#2674);
#2098=AXIS2_PLACEMENT_3D('',#3286,#2675,#2676);
#2099=AXIS2_PLACEMENT_3D('',#3287,#2677,#2678);
#2100=AXIS2_PLACEMENT_3D('',#3288,#2679,#2680);
#2101=AXIS2_PLACEMENT_3D('',#3289,#2681,#2682);
#2102=AXIS2_PLACEMENT_3D('',#3290,#2683,#2684);
#2103=AXIS2_PLACEMENT_3D('',#3291,#2685,#2686);
#2104=AXIS2_PLACEMENT_3D('',#3292,#2687,#2688);
#2105=AXIS2_PLACEMENT_3D('',#3293,#2689,#2690);
#2106=AXIS2_PLACEMENT_3D('',#3294,#2691,#2692);
#2107=AXIS2_PLACEMENT_3D('',#3295,#2693,#2694);
#2108=AXIS2_PLACEMENT_3D('',#3296,#2695,#2696);
#2109=AXIS2_PLACEMENT_3D('',#3297,#2697,#2698);
#2110=AXIS2_PLACEMENT_3D('',#3298,#2699,#2700);
#2111=AXIS2_PLACEMENT_3D('',#3299,#2701,#2702);
#2112=AXIS2_PLACEMENT_3D('',#3300,#2703,#2704);
#2113=AXIS2_PLACEMENT_3D('',#3301,#2705,#2706);
#2114=AXIS2_PLACEMENT_3D('',#3302,#2707,#2708);
#2115=AXIS2_PLACEMENT_3D('',#3303,#2709,#2710);
#2116=AXIS2_PLACEMENT_3D('',#3304,#2711,#2712);
#2117=AXIS2_PLACEMENT_3D('',#3305,#2713,#2714);
#2118=AXIS2_PLACEMENT_3D('',#3306,#2715,#2716);
#2119=AXIS2_PLACEMENT_3D('',#3307,#2717,#2718);
#2120=AXIS2_PLACEMENT_3D('',#3308,#2719,#2720);
#2121=AXIS2_PLACEMENT_3D('',#3309,#2721,#2722);
#2122=AXIS2_PLACEMENT_3D('',#3310,#2723,#2724);
#2123=AXIS2_PLACEMENT_3D('',#3311,#2725,#2726);
#2124=AXIS2_PLACEMENT_3D('',#3312,#2727,#2728);
#2125=AXIS2_PLACEMENT_3D('',#3313,#2729,#2730);
#2126=AXIS2_PLACEMENT_3D('',#3314,#2731,#2732);
#2127=AXIS2_PLACEMENT_3D('',#3315,#2733,#2734);
#2128=AXIS2_PLACEMENT_3D('',#3317,#2735,#2736);
#2129=AXIS2_PLACEMENT_3D('',#3320,#2738,#2739);
#2130=AXIS2_PLACEMENT_3D('',#3321,#2740,#2741);
#2131=AXIS2_PLACEMENT_3D('',#3322,#2742,#2743);
#2132=AXIS2_PLACEMENT_3D('',#3325,#2745,#2746);
#2133=AXIS2_PLACEMENT_3D('',#3327,#2747,#2748);
#2134=AXIS2_PLACEMENT_3D('',#3329,#2750,#2751);
#2135=AXIS2_PLACEMENT_3D('',#3330,#2752,#2753);
#2136=AXIS2_PLACEMENT_3D('',#3331,#2754,#2755);
#2137=AXIS2_PLACEMENT_3D('',#3332,#2756,#2757);
#2138=AXIS2_PLACEMENT_3D('',#3335,#2759,#2760);
#2139=AXIS2_PLACEMENT_3D('',#3336,#2761,#2762);
#2140=AXIS2_PLACEMENT_3D('',#3338,#2763,#2764);
#2141=AXIS2_PLACEMENT_3D('',#3339,#2765,#2766);
#2142=DIRECTION('axis',(0.,0.,1.));
#2143=DIRECTION('refdir',(1.,0.,0.));
#2144=DIRECTION('center_axis',(-3.06161699786838E-16,1.,-4.93038065763132E-32));
#2145=DIRECTION('ref_axis',(0.309016994374947,9.46091682608536E-17,-0.951056516295154));
#2146=DIRECTION('center_axis',(3.06161699786838E-16,-1.,0.));
#2147=DIRECTION('ref_axis',(0.309016994374947,9.46091682608536E-17,-0.951056516295154));
#2148=DIRECTION('',(3.06161699786838E-16,-1.,4.93038065763132E-32));
#2149=DIRECTION('center_axis',(-3.06161699786838E-16,1.,0.));
#2150=DIRECTION('ref_axis',(0.309016994374947,9.46091682608536E-17,-0.951056516295154));
#2151=DIRECTION('center_axis',(-3.06161699786838E-16,1.,-4.93038065763132E-32));
#2152=DIRECTION('ref_axis',(-0.809016994374947,-2.47690018154273E-16,-0.587785252292473));
#2153=DIRECTION('center_axis',(3.06161699786838E-16,-1.,0.));
#2154=DIRECTION('ref_axis',(-0.809016994374947,-2.47690018154273E-16,-0.587785252292473));
#2155=DIRECTION('',(3.06161699786838E-16,-1.,4.93038065763132E-32));
#2156=DIRECTION('center_axis',(-3.06161699786838E-16,1.,0.));
#2157=DIRECTION('ref_axis',(-0.809016994374947,-2.47690018154273E-16,-0.587785252292473));
#2158=DIRECTION('center_axis',(-3.06161699786838E-16,1.,-6.45395206957693E-32));
#2159=DIRECTION('ref_axis',(-0.809016994374947,-2.47690018154273E-16,0.587785252292473));
#2160=DIRECTION('center_axis',(3.06161699786838E-16,-1.,0.));
#2161=DIRECTION('ref_axis',(-0.809016994374947,-2.47690018154273E-16,0.587785252292473));
#2162=DIRECTION('',(3.06161699786838E-16,-1.,6.45395206957693E-32));
#2163=DIRECTION('center_axis',(-3.06161699786838E-16,1.,0.));
#2164=DIRECTION('ref_axis',(-0.809016994374947,-2.47690018154273E-16,0.587785252292473));
#2165=DIRECTION('center_axis',(-3.06161699786838E-16,1.,0.));
#2166=DIRECTION('ref_axis',(0.309016994374948,9.46091682608538E-17,0.951056516295154));
#2167=DIRECTION('center_axis',(3.06161699786838E-16,-1.,0.));
#2168=DIRECTION('ref_axis',(0.309016994374948,9.46091682608538E-17,0.951056516295154));
#2169=DIRECTION('',(3.06161699786838E-16,-1.,0.));
#2170=DIRECTION('center_axis',(-3.06161699786838E-16,1.,0.));
#2171=DIRECTION('ref_axis',(0.309016994374948,9.46091682608538E-17,0.951056516295154));
#2172=DIRECTION('center_axis',(-3.06161699786838E-16,1.,0.));
#2173=DIRECTION('ref_axis',(1.,3.06161699786838E-16,0.));
#2174=DIRECTION('center_axis',(3.06161699786838E-16,-1.,0.));
#2175=DIRECTION('ref_axis',(1.,3.06161699786838E-16,0.));
#2176=DIRECTION('',(3.06161699786838E-16,-1.,0.));
#2177=DIRECTION('center_axis',(-3.06161699786838E-16,1.,0.));
#2178=DIRECTION('ref_axis',(1.,3.06161699786838E-16,0.));
#2179=DIRECTION('center_axis',(0.707106781186548,0.,0.707106781186547));
#2180=DIRECTION('ref_axis',(-0.707106781186547,-2.16489014058873E-16,0.707106781186548));
#2181=DIRECTION('',(-0.707106781186547,-2.16489014058873E-16,0.707106781186548));
#2182=DIRECTION('',(0.,-1.,0.));
#2183=DIRECTION('',(-0.707106781186547,-2.16489014058873E-16,0.707106781186548));
#2184=DIRECTION('',(3.06161699786838E-16,-1.,0.));
#2185=DIRECTION('center_axis',(0.,-1.,0.));
#2186=DIRECTION('ref_axis',(0.707106781186547,0.,0.707106781186548));
#2187=DIRECTION('center_axis',(3.06161699786838E-16,-1.,0.));
#2188=DIRECTION('ref_axis',(0.707106781186547,0.,0.707106781186548));
#2189=DIRECTION('',(0.,-1.,0.));
#2190=DIRECTION('center_axis',(3.06161699786838E-16,-1.,2.46519032881566E-32));
#2191=DIRECTION('ref_axis',(0.707106781186547,2.16489014058873E-16,0.707106781186548));
#2192=DIRECTION('center_axis',(-0.707106781186547,0.,-0.707106781186548));
#2193=DIRECTION('ref_axis',(0.707106781186548,2.16489014058873E-16,-0.707106781186547));
#2194=DIRECTION('',(0.707106781186548,2.16489014058874E-16,-0.707106781186547));
#2195=DIRECTION('',(-3.06161699786838E-16,1.,0.));
#2196=DIRECTION('',(0.707106781186548,2.16489014058873E-16,-0.707106781186547));
#2197=DIRECTION('center_axis',(-3.06161699786838E-16,1.,0.));
#2198=DIRECTION('ref_axis',(0.,0.,1.));
#2199=DIRECTION('center_axis',(3.06161699786838E-16,-1.,0.));
#2200=DIRECTION('ref_axis',(1.,3.06161699786838E-16,0.));
#2201=DIRECTION('center_axis',(-0.453990499739547,0.,0.891006524188368));
#2202=DIRECTION('ref_axis',(-0.891006524188368,-2.72792071966673E-16,-0.453990499739547));
#2203=DIRECTION('',(-0.891006524188368,-2.72792071966673E-16,-0.453990499739547));
#2204=DIRECTION('',(0.,-1.,0.));
#2205=DIRECTION('',(-0.891006524188368,-2.72792071966673E-16,-0.453990499739547));
#2206=DIRECTION('',(3.06161699786838E-16,-1.,0.));
#2207=DIRECTION('center_axis',(0.,-1.,0.));
#2208=DIRECTION('ref_axis',(-0.453990499739547,0.,0.891006524188368));
#2209=DIRECTION('center_axis',(3.06161699786838E-16,-1.,0.));
#2210=DIRECTION('ref_axis',(-0.453990499739547,0.,0.891006524188368));
#2211=DIRECTION('',(0.,-1.,0.));
#2212=DIRECTION('center_axis',(3.06161699786838E-16,-1.,-2.46519032881566E-32));
#2213=DIRECTION('ref_axis',(-0.453990499739547,-1.38994503087336E-16,0.891006524188368));
#2214=DIRECTION('center_axis',(0.453990499739547,0.,-0.891006524188368));
#2215=DIRECTION('ref_axis',(0.891006524188368,2.72792071966673E-16,0.453990499739547));
#2216=DIRECTION('',(0.891006524188368,2.72792071966673E-16,0.453990499739547));
#2217=DIRECTION('',(-3.06161699786838E-16,1.,0.));
#2218=DIRECTION('',(0.891006524188368,2.72792071966673E-16,0.453990499739547));
#2219=DIRECTION('center_axis',(-3.06161699786838E-16,1.,0.));
#2220=DIRECTION('ref_axis',(0.,0.,1.));
#2221=DIRECTION('center_axis',(3.06161699786838E-16,-1.,0.));
#2222=DIRECTION('ref_axis',(1.,3.06161699786838E-16,0.));
#2223=DIRECTION('center_axis',(0.891006524188368,4.94607979122579E-16,-0.453990499739546));
#2224=DIRECTION('ref_axis',(0.453990499739546,1.38994503087336E-16,0.891006524188368));
#2225=DIRECTION('',(0.453990499739546,1.38994503087336E-16,0.891006524188368));
#2226=DIRECTION('',(5.55111512312578E-16,-1.,0.));
#2227=DIRECTION('',(0.453990499739546,1.38994503087336E-16,0.891006524188368));
#2228=DIRECTION('',(3.06161699786838E-16,-1.,0.));
#2229=DIRECTION('center_axis',(5.55111512312578E-16,-1.,0.));
#2230=DIRECTION('ref_axis',(0.891006524188368,4.94607979122579E-16,-0.453990499739547));
#2231=DIRECTION('center_axis',(3.06161699786838E-16,-1.,0.));
#2232=DIRECTION('ref_axis',(0.891006524188368,4.94607979122579E-16,-0.453990499739547));
#2233=DIRECTION('',(5.55111512312578E-16,-1.,0.));
#2234=DIRECTION('center_axis',(3.06161699786838E-16,-1.,0.));
#2235=DIRECTION('ref_axis',(0.891006524188368,2.72792071966673E-16,-0.453990499739547));
#2236=DIRECTION('center_axis',(-0.891006524188368,-4.94607979122579E-16,
0.453990499739546));
#2237=DIRECTION('ref_axis',(-0.453990499739546,-1.38994503087336E-16,-0.891006524188368));
#2238=DIRECTION('',(-0.453990499739546,-1.38994503087336E-16,-0.891006524188368));
#2239=DIRECTION('',(-3.06161699786838E-16,1.,0.));
#2240=DIRECTION('',(-0.453990499739546,-1.38994503087336E-16,-0.891006524188368));
#2241=DIRECTION('center_axis',(-3.06161699786838E-16,1.,0.));
#2242=DIRECTION('ref_axis',(0.,0.,1.));
#2243=DIRECTION('center_axis',(3.06161699786838E-16,-1.,0.));
#2244=DIRECTION('ref_axis',(1.,3.06161699786838E-16,0.));
#2245=DIRECTION('center_axis',(-0.987688340595138,-2.74138584220634E-16,
-0.156434465040231));
#2246=DIRECTION('ref_axis',(0.156434465040231,4.78942417219618E-17,-0.987688340595138));
#2247=DIRECTION('',(0.156434465040231,4.78942417219618E-17,-0.987688340595138));
#2248=DIRECTION('',(2.77555756156289E-16,-1.,0.));
#2249=DIRECTION('',(0.156434465040231,4.78942417219618E-17,-0.987688340595138));
#2250=DIRECTION('',(3.06161699786838E-16,-1.,0.));
#2251=DIRECTION('center_axis',(2.77555756156289E-16,-1.,0.));
#2252=DIRECTION('ref_axis',(-0.987688340595138,-2.74138584220634E-16,-0.156434465040231));
#2253=DIRECTION('center_axis',(3.06161699786838E-16,-1.,0.));
#2254=DIRECTION('ref_axis',(-0.987688340595138,-2.74138584220634E-16,-0.156434465040231));
#2255=DIRECTION('',(2.77555756156289E-16,-1.,0.));
#2256=DIRECTION('center_axis',(3.06161699786838E-16,-1.,0.));
#2257=DIRECTION('ref_axis',(-0.987688340595138,-3.02392341216249E-16,-0.156434465040231));
#2258=DIRECTION('center_axis',(0.987688340595138,2.74138584220634E-16,0.156434465040232));
#2259=DIRECTION('ref_axis',(-0.156434465040232,-4.7894241721962E-17,0.987688340595138));
#2260=DIRECTION('',(-0.156434465040232,-4.7894241721962E-17,0.987688340595138));
#2261=DIRECTION('',(-3.06161699786838E-16,1.,0.));
#2262=DIRECTION('',(-0.156434465040232,-4.7894241721962E-17,0.987688340595138));
#2263=DIRECTION('center_axis',(-3.06161699786838E-16,1.,0.));
#2264=DIRECTION('ref_axis',(0.,0.,1.));
#2265=DIRECTION('center_axis',(3.06161699786838E-16,-1.,0.));
#2266=DIRECTION('ref_axis',(1.,3.06161699786838E-16,0.));
#2267=DIRECTION('center_axis',(0.15643446504023,0.,0.987688340595138));
#2268=DIRECTION('ref_axis',(-0.987688340595138,-3.02392341216249E-16,0.15643446504023));
#2269=DIRECTION('',(-0.987688340595138,-3.02392341216249E-16,0.15643446504023));
#2270=DIRECTION('',(-3.06161699786838E-16,1.,0.));
#2271=DIRECTION('',(-0.987688340595138,-3.02392341216249E-16,0.15643446504023));
#2272=DIRECTION('',(0.,-1.,0.));
#2273=DIRECTION('center_axis',(-0.156434465040231,0.,-0.987688340595138));
#2274=DIRECTION('ref_axis',(0.987688340595138,3.02392341216249E-16,-0.156434465040231));
#2275=DIRECTION('',(0.987688340595138,3.02392341216249E-16,-0.156434465040231));
#2276=DIRECTION('',(0.,-1.,0.));
#2277=DIRECTION('',(0.987688340595138,3.02392341216249E-16,-0.156434465040231));
#2278=DIRECTION('',(3.06161699786838E-16,-1.,0.));
#2279=DIRECTION('center_axis',(0.,-1.,0.));
#2280=DIRECTION('ref_axis',(-0.156434465040231,0.,-0.987688340595138));
#2281=DIRECTION('center_axis',(3.06161699786838E-16,-1.,0.));
#2282=DIRECTION('ref_axis',(-0.156434465040231,0.,-0.987688340595138));
#2283=DIRECTION('center_axis',(3.06161699786838E-16,-1.,0.));
#2284=DIRECTION('ref_axis',(-0.156434465040231,-4.78942417219618E-17,-0.987688340595138));
#2285=DIRECTION('center_axis',(-3.06161699786838E-16,1.,0.));
#2286=DIRECTION('ref_axis',(0.,0.,1.));
#2287=DIRECTION('center_axis',(3.06161699786838E-16,-1.,0.));
#2288=DIRECTION('ref_axis',(1.,3.06161699786838E-16,0.));
#2289=DIRECTION('center_axis',(-3.06161699786838E-16,1.,0.));
#2290=DIRECTION('ref_axis',(0.,0.,1.));
#2291=DIRECTION('center_axis',(3.06161699786838E-16,-1.,0.));
#2292=DIRECTION('ref_axis',(1.,3.06161699786838E-16,0.));
#2293=DIRECTION('center_axis',(3.06161699786838E-16,-1.,0.));
#2294=DIRECTION('ref_axis',(1.,3.06161699786838E-16,0.));
#2295=DIRECTION('center_axis',(3.06161699786838E-16,-1.,0.));
#2296=DIRECTION('ref_axis',(1.,3.06161699786838E-16,0.));
#2297=DIRECTION('center_axis',(3.06161699786838E-16,-1.,0.));
#2298=DIRECTION('ref_axis',(1.,3.06161699786838E-16,0.));
#2299=DIRECTION('center_axis',(3.06161699786838E-16,-1.,0.));
#2300=DIRECTION('ref_axis',(1.,3.06161699786838E-16,0.));
#2301=DIRECTION('center_axis',(3.06161699786838E-16,-1.,0.));
#2302=DIRECTION('ref_axis',(1.,3.06161699786838E-16,0.));
#2303=DIRECTION('center_axis',(3.06161699786838E-16,-1.,0.));
#2304=DIRECTION('ref_axis',(1.,3.06161699786838E-16,0.));
#2305=DIRECTION('center_axis',(3.06161699786838E-16,-1.,2.22388032344019E-32));
#2306=DIRECTION('ref_axis',(0.951056516295154,2.91177079622273E-16,-0.309016994374948));
#2307=DIRECTION('',(-3.06161699786838E-16,1.,-2.22388032344019E-32));
#2308=DIRECTION('center_axis',(-3.06161699786838E-16,1.,0.));
#2309=DIRECTION('ref_axis',(0.951056516295154,2.91177079622273E-16,-0.309016994374948));
#2310=DIRECTION('',(-3.06161699786838E-16,1.,-2.22388032344019E-32));
#2311=DIRECTION('center_axis',(3.06161699786838E-16,-1.,2.22388032344019E-32));
#2312=DIRECTION('ref_axis',(0.951056516295154,2.91177079622273E-16,-0.309016994374948));
#2313=DIRECTION('center_axis',(-3.06161699786838E-16,1.,0.));
#2314=DIRECTION('ref_axis',(0.951056516295154,2.91177079622273E-16,-0.309016994374948));
#2315=DIRECTION('',(3.06161699786838E-16,-1.,2.22388032344019E-32));
#2316=DIRECTION('center_axis',(-3.06161699786838E-16,1.,0.));
#2317=DIRECTION('ref_axis',(0.951056516295154,2.91177079622273E-16,-0.309016994374948));
#2318=DIRECTION('center_axis',(3.06161699786838E-16,-1.,2.22388032344019E-32));
#2319=DIRECTION('ref_axis',(0.951056516295154,2.91177079622273E-16,-0.309016994374948));
#2320=DIRECTION('',(0.815214546887871,0.515038074910054,-0.264879262939454));
#2321=DIRECTION('center_axis',(3.06161699786838E-16,-1.,2.22388032344019E-32));
#2322=DIRECTION('ref_axis',(0.809016994374947,2.47690018154273E-16,-0.587785252292473));
#2323=DIRECTION('',(-3.06161699786838E-16,1.,-2.22388032344019E-32));
#2324=DIRECTION('center_axis',(-3.06161699786838E-16,1.,0.));
#2325=DIRECTION('ref_axis',(0.809016994374947,2.47690018154273E-16,-0.587785252292473));
#2326=DIRECTION('',(-3.06161699786838E-16,1.,-2.22388032344019E-32));
#2327=DIRECTION('center_axis',(3.06161699786838E-16,-1.,2.22388032344019E-32));
#2328=DIRECTION('ref_axis',(0.809016994374947,2.47690018154273E-16,-0.587785252292473));
#2329=DIRECTION('center_axis',(-3.06161699786838E-16,1.,0.));
#2330=DIRECTION('ref_axis',(0.809016994374947,2.47690018154273E-16,-0.587785252292473));
#2331=DIRECTION('',(3.06161699786838E-16,-1.,2.22388032344019E-32));
#2332=DIRECTION('center_axis',(-3.06161699786838E-16,1.,0.));
#2333=DIRECTION('ref_axis',(0.809016994374947,2.47690018154273E-16,-0.587785252292473));
#2334=DIRECTION('center_axis',(3.06161699786838E-16,-1.,2.22388032344019E-32));
#2335=DIRECTION('ref_axis',(0.809016994374947,2.47690018154273E-16,-0.587785252292473));
#2336=DIRECTION('',(0.693462913290509,0.515038074910054,-0.503830298100049));
#2337=DIRECTION('center_axis',(3.06161699786838E-16,-1.,4.68907065225586E-32));
#2338=DIRECTION('ref_axis',(0.587785252292473,1.79957331951499E-16,-0.809016994374947));
#2339=DIRECTION('',(-3.06161699786838E-16,1.,-4.68907065225586E-32));
#2340=DIRECTION('center_axis',(-3.06161699786838E-16,1.,0.));
#2341=DIRECTION('ref_axis',(0.587785252292473,1.79957331951499E-16,-0.809016994374947));
#2342=DIRECTION('',(-3.06161699786838E-16,1.,-4.68907065225586E-32));
#2343=DIRECTION('center_axis',(3.06161699786838E-16,-1.,4.68907065225586E-32));
#2344=DIRECTION('ref_axis',(0.587785252292473,1.79957331951499E-16,-0.809016994374947));
#2345=DIRECTION('center_axis',(-3.06161699786838E-16,1.,0.));
#2346=DIRECTION('ref_axis',(0.587785252292473,1.79957331951499E-16,-0.809016994374947));
#2347=DIRECTION('',(3.06161699786838E-16,-1.,4.68907065225586E-32));
#2348=DIRECTION('center_axis',(-3.06161699786838E-16,1.,0.));
#2349=DIRECTION('ref_axis',(0.587785252292473,1.79957331951499E-16,-0.809016994374947));
#2350=DIRECTION('center_axis',(3.06161699786838E-16,-1.,4.68907065225586E-32));
#2351=DIRECTION('ref_axis',(0.587785252292473,1.79957331951499E-16,-0.809016994374947));
#2352=DIRECTION('',(0.503830298100049,0.515038074910054,-0.69346291329051));
#2353=DIRECTION('center_axis',(3.06161699786838E-16,-1.,4.68907065225586E-32));
#2354=DIRECTION('ref_axis',(0.309016994374947,9.46091682608537E-17,-0.951056516295154));
#2355=DIRECTION('',(-3.06161699786838E-16,1.,-4.68907065225586E-32));
#2356=DIRECTION('center_axis',(-3.06161699786838E-16,1.,0.));
#2357=DIRECTION('ref_axis',(0.309016994374947,9.46091682608537E-17,-0.951056516295154));
#2358=DIRECTION('',(-3.06161699786838E-16,1.,-4.68907065225586E-32));
#2359=DIRECTION('center_axis',(3.06161699786838E-16,-1.,4.68907065225586E-32));
#2360=DIRECTION('ref_axis',(0.309016994374947,9.46091682608537E-17,-0.951056516295154));
#2361=DIRECTION('center_axis',(-3.06161699786838E-16,1.,0.));
#2362=DIRECTION('ref_axis',(0.309016994374947,9.46091682608537E-17,-0.951056516295154));
#2363=DIRECTION('',(3.06161699786838E-16,-1.,4.68907065225586E-32));
#2364=DIRECTION('center_axis',(-3.06161699786838E-16,1.,0.));
#2365=DIRECTION('ref_axis',(0.309016994374947,9.46091682608537E-17,-0.951056516295154));
#2366=DIRECTION('center_axis',(3.06161699786838E-16,-1.,4.68907065225586E-32));
#2367=DIRECTION('ref_axis',(0.309016994374947,9.46091682608537E-17,-0.951056516295154));
#2368=DIRECTION('',(0.264879262939453,0.515038074910054,-0.815214546887871));
#2369=DIRECTION('center_axis',(3.06161699786838E-16,-1.,9.37814130451171E-32));
#2370=DIRECTION('ref_axis',(-1.73472347597681E-16,-1.38666955995881E-31,
-1.));
#2371=DIRECTION('',(-3.06161699786838E-16,1.,-9.37814130451171E-32));
#2372=DIRECTION('center_axis',(-3.06161699786838E-16,1.,0.));
#2373=DIRECTION('ref_axis',(-1.73472347597681E-16,-1.38666955995881E-31,
-1.));
#2374=DIRECTION('',(-3.06161699786838E-16,1.,-9.37814130451171E-32));
#2375=DIRECTION('center_axis',(3.06161699786838E-16,-1.,9.37814130451171E-32));
#2376=DIRECTION('ref_axis',(-1.73472347597681E-16,-1.38666955995881E-31,
-1.));
#2377=DIRECTION('center_axis',(-3.06161699786838E-16,1.,0.));
#2378=DIRECTION('ref_axis',(-1.73472347597681E-16,-1.38666955995881E-31,
-1.));
#2379=DIRECTION('',(3.06161699786838E-16,-1.,9.37814130451171E-32));
#2380=DIRECTION('center_axis',(-3.06161699786838E-16,1.,0.));
#2381=DIRECTION('ref_axis',(-1.73472347597681E-16,-1.38666955995881E-31,
-1.));
#2382=DIRECTION('center_axis',(3.06161699786838E-16,-1.,9.37814130451171E-32));
#2383=DIRECTION('ref_axis',(-1.73472347597681E-16,-1.38666955995881E-31,
-1.));
#2384=DIRECTION('',(-2.01407037292304E-16,0.515038074910054,-0.857167300702112));
#2385=DIRECTION('center_axis',(3.06161699786838E-16,-1.,4.68907065225586E-32));
#2386=DIRECTION('ref_axis',(-0.309016994374948,-9.46091682608539E-17,-0.951056516295154));
#2387=DIRECTION('',(-3.06161699786838E-16,1.,-4.68907065225586E-32));
#2388=DIRECTION('center_axis',(-3.06161699786838E-16,1.,0.));
#2389=DIRECTION('ref_axis',(-0.309016994374948,-9.46091682608539E-17,-0.951056516295154));
#2390=DIRECTION('',(-3.06161699786838E-16,1.,-4.68907065225586E-32));
#2391=DIRECTION('center_axis',(3.06161699786838E-16,-1.,4.68907065225586E-32));
#2392=DIRECTION('ref_axis',(-0.309016994374948,-9.46091682608539E-17,-0.951056516295154));
#2393=DIRECTION('center_axis',(-3.06161699786838E-16,1.,0.));
#2394=DIRECTION('ref_axis',(-0.309016994374948,-9.46091682608539E-17,-0.951056516295154));
#2395=DIRECTION('',(3.06161699786838E-16,-1.,4.68907065225586E-32));
#2396=DIRECTION('center_axis',(-3.06161699786838E-16,1.,0.));
#2397=DIRECTION('ref_axis',(-0.309016994374948,-9.46091682608539E-17,-0.951056516295154));
#2398=DIRECTION('center_axis',(3.06161699786838E-16,-1.,4.68907065225586E-32));
#2399=DIRECTION('ref_axis',(-0.309016994374948,-9.46091682608539E-17,-0.951056516295154));
#2400=DIRECTION('',(-0.264879262939454,0.515038074910054,-0.815214546887871));
#2401=DIRECTION('center_axis',(3.06161699786838E-16,-1.,8.38685614547935E-32));
#2402=DIRECTION('ref_axis',(-0.587785252292473,-1.79957331951499E-16,-0.809016994374947));
#2403=DIRECTION('',(-3.06161699786838E-16,1.,-8.38685614547935E-32));
#2404=DIRECTION('center_axis',(-3.06161699786838E-16,1.,0.));
#2405=DIRECTION('ref_axis',(-0.587785252292473,-1.79957331951499E-16,-0.809016994374947));
#2406=DIRECTION('',(-3.06161699786838E-16,1.,-8.38685614547935E-32));
#2407=DIRECTION('center_axis',(3.06161699786838E-16,-1.,8.38685614547935E-32));
#2408=DIRECTION('ref_axis',(-0.587785252292473,-1.79957331951499E-16,-0.809016994374947));
#2409=DIRECTION('center_axis',(-3.06161699786838E-16,1.,0.));
#2410=DIRECTION('ref_axis',(-0.587785252292473,-1.79957331951499E-16,-0.809016994374947));
#2411=DIRECTION('',(3.06161699786838E-16,-1.,8.38685614547935E-32));
#2412=DIRECTION('center_axis',(-3.06161699786838E-16,1.,0.));
#2413=DIRECTION('ref_axis',(-0.587785252292473,-1.79957331951499E-16,-0.809016994374947));
#2414=DIRECTION('center_axis',(3.06161699786838E-16,-1.,8.38685614547935E-32));
#2415=DIRECTION('ref_axis',(-0.587785252292473,-1.79957331951499E-16,-0.809016994374947));
#2416=DIRECTION('',(-0.503830298100049,0.515038074910054,-0.69346291329051));
#2417=DIRECTION('center_axis',(3.06161699786838E-16,-1.,2.34453532612793E-32));
#2418=DIRECTION('ref_axis',(-0.809016994374948,-2.47690018154273E-16,-0.587785252292473));
#2419=DIRECTION('',(-3.06161699786838E-16,1.,-2.34453532612793E-32));
#2420=DIRECTION('center_axis',(-3.06161699786838E-16,1.,0.));
#2421=DIRECTION('ref_axis',(-0.809016994374948,-2.47690018154273E-16,-0.587785252292473));
#2422=DIRECTION('',(-3.06161699786838E-16,1.,-2.34453532612793E-32));
#2423=DIRECTION('center_axis',(3.06161699786838E-16,-1.,2.34453532612793E-32));
#2424=DIRECTION('ref_axis',(-0.809016994374948,-2.47690018154273E-16,-0.587785252292473));
#2425=DIRECTION('center_axis',(-3.06161699786838E-16,1.,0.));
#2426=DIRECTION('ref_axis',(-0.809016994374948,-2.47690018154273E-16,-0.587785252292473));
#2427=DIRECTION('',(3.06161699786838E-16,-1.,2.34453532612793E-32));
#2428=DIRECTION('center_axis',(-3.06161699786838E-16,1.,0.));
#2429=DIRECTION('ref_axis',(-0.809016994374948,-2.47690018154273E-16,-0.587785252292473));
#2430=DIRECTION('center_axis',(3.06161699786838E-16,-1.,2.34453532612793E-32));
#2431=DIRECTION('ref_axis',(-0.809016994374948,-2.47690018154273E-16,-0.587785252292473));
#2432=DIRECTION('',(-0.69346291329051,0.515038074910054,-0.503830298100049));
#2433=DIRECTION('center_axis',(3.06161699786838E-16,-1.,-2.12420600644351E-32));
#2434=DIRECTION('ref_axis',(-0.951056516295154,-2.91177079622273E-16,-0.309016994374947));
#2435=DIRECTION('',(-3.06161699786838E-16,1.,2.12420600644351E-32));
#2436=DIRECTION('center_axis',(-3.06161699786838E-16,1.,0.));
#2437=DIRECTION('ref_axis',(-0.951056516295154,-2.91177079622273E-16,-0.309016994374947));
#2438=DIRECTION('',(-3.06161699786838E-16,1.,2.12420600644351E-32));
#2439=DIRECTION('center_axis',(3.06161699786838E-16,-1.,-2.12420600644351E-32));
#2440=DIRECTION('ref_axis',(-0.951056516295154,-2.91177079622273E-16,-0.309016994374947));
#2441=DIRECTION('center_axis',(-3.06161699786838E-16,1.,0.));
#2442=DIRECTION('ref_axis',(-0.951056516295154,-2.91177079622273E-16,-0.309016994374947));
#2443=DIRECTION('',(3.06161699786838E-16,-1.,-2.12420600644351E-32));
#2444=DIRECTION('center_axis',(-3.06161699786838E-16,1.,0.));
#2445=DIRECTION('ref_axis',(-0.951056516295154,-2.91177079622273E-16,-0.309016994374947));
#2446=DIRECTION('center_axis',(3.06161699786838E-16,-1.,-2.12420600644351E-32));
#2447=DIRECTION('ref_axis',(-0.951056516295154,-2.91177079622273E-16,-0.309016994374947));
#2448=DIRECTION('',(-0.815214546887872,0.515038074910054,-0.264879262939454));
#2449=DIRECTION('center_axis',(3.06161699786838E-16,-1.,2.52551783015953E-32));
#2450=DIRECTION('ref_axis',(-1.,-3.06161699786838E-16,6.93889390390723E-17));
#2451=DIRECTION('',(-3.06161699786838E-16,1.,-2.52551783015953E-32));
#2452=DIRECTION('center_axis',(-3.06161699786838E-16,1.,0.));
#2453=DIRECTION('ref_axis',(-1.,-3.06161699786838E-16,6.93889390390723E-17));
#2454=DIRECTION('',(-3.06161699786838E-16,1.,-2.52551783015953E-32));
#2455=DIRECTION('center_axis',(3.06161699786838E-16,-1.,2.52551783015953E-32));
#2456=DIRECTION('ref_axis',(-1.,-3.06161699786838E-16,6.93889390390723E-17));
#2457=DIRECTION('center_axis',(-3.06161699786838E-16,1.,0.));
#2458=DIRECTION('ref_axis',(-1.,-3.06161699786838E-16,6.93889390390723E-17));
#2459=DIRECTION('',(3.06161699786838E-16,-1.,2.52551783015953E-32));
#2460=DIRECTION('center_axis',(-3.06161699786838E-16,1.,0.));
#2461=DIRECTION('ref_axis',(-1.,-3.06161699786838E-16,6.93889390390723E-17));
#2462=DIRECTION('center_axis',(3.06161699786838E-16,-1.,2.52551783015953E-32));
#2463=DIRECTION('ref_axis',(-1.,-3.06161699786838E-16,6.93889390390723E-17));
#2464=DIRECTION('',(-0.857167300702113,0.515038074910054,-4.54947895391569E-17));
#2465=DIRECTION('center_axis',(3.06161699786838E-16,-1.,-2.34453532612793E-32));
#2466=DIRECTION('ref_axis',(-0.951056516295154,-2.91177079622273E-16,0.309016994374948));
#2467=DIRECTION('',(-3.06161699786838E-16,1.,2.34453532612793E-32));
#2468=DIRECTION('center_axis',(-3.06161699786838E-16,1.,0.));
#2469=DIRECTION('ref_axis',(-0.951056516295154,-2.91177079622273E-16,0.309016994374948));
#2470=DIRECTION('',(-3.06161699786838E-16,1.,2.34453532612793E-32));
#2471=DIRECTION('center_axis',(3.06161699786838E-16,-1.,-2.34453532612793E-32));
#2472=DIRECTION('ref_axis',(-0.951056516295154,-2.91177079622273E-16,0.309016994374948));
#2473=DIRECTION('center_axis',(-3.06161699786838E-16,1.,0.));
#2474=DIRECTION('ref_axis',(-0.951056516295154,-2.91177079622273E-16,0.309016994374948));
#2475=DIRECTION('',(3.06161699786838E-16,-1.,-2.34453532612793E-32));
#2476=DIRECTION('center_axis',(-3.06161699786838E-16,1.,0.));
#2477=DIRECTION('ref_axis',(-0.951056516295154,-2.91177079622273E-16,0.309016994374948));
#2478=DIRECTION('center_axis',(3.06161699786838E-16,-1.,-2.34453532612793E-32));
#2479=DIRECTION('ref_axis',(-0.951056516295154,-2.91177079622273E-16,0.309016994374948));
#2480=DIRECTION('',(-0.815214546887872,0.515038074910054,0.264879262939454));
#2481=DIRECTION('center_axis',(3.06161699786838E-16,-1.,-9.37814130451171E-32));
#2482=DIRECTION('ref_axis',(-0.809016994374947,-2.47690018154273E-16,0.587785252292473));
#2483=DIRECTION('',(-3.06161699786838E-16,1.,9.37814130451171E-32));
#2484=DIRECTION('center_axis',(-3.06161699786838E-16,1.,0.));
#2485=DIRECTION('ref_axis',(-0.809016994374947,-2.47690018154273E-16,0.587785252292473));
#2486=DIRECTION('',(-3.06161699786838E-16,1.,9.37814130451171E-32));
#2487=DIRECTION('center_axis',(3.06161699786838E-16,-1.,-9.37814130451171E-32));
#2488=DIRECTION('ref_axis',(-0.809016994374947,-2.47690018154273E-16,0.587785252292473));
#2489=DIRECTION('center_axis',(-3.06161699786838E-16,1.,0.));
#2490=DIRECTION('ref_axis',(-0.809016994374947,-2.47690018154273E-16,0.587785252292473));
#2491=DIRECTION('',(3.06161699786838E-16,-1.,-9.37814130451171E-32));
#2492=DIRECTION('center_axis',(-3.06161699786838E-16,1.,0.));
#2493=DIRECTION('ref_axis',(-0.809016994374947,-2.47690018154273E-16,0.587785252292473));
#2494=DIRECTION('center_axis',(3.06161699786838E-16,-1.,-9.37814130451171E-32));
#2495=DIRECTION('ref_axis',(-0.809016994374947,-2.47690018154273E-16,0.587785252292473));
#2496=DIRECTION('',(-0.69346291329051,0.515038074910054,0.503830298100049));
#2497=DIRECTION('center_axis',(3.06161699786838E-16,-1.,2.41310005375468E-33));
#2498=DIRECTION('ref_axis',(-0.587785252292473,-1.79957331951499E-16,0.809016994374948));
#2499=DIRECTION('',(-3.06161699786838E-16,1.,-2.41310005375468E-33));
#2500=DIRECTION('center_axis',(-3.06161699786838E-16,1.,0.));
#2501=DIRECTION('ref_axis',(-0.587785252292473,-1.79957331951499E-16,0.809016994374948));
#2502=DIRECTION('',(-3.06161699786838E-16,1.,-2.41310005375468E-33));
#2503=DIRECTION('center_axis',(3.06161699786838E-16,-1.,2.41310005375468E-33));
#2504=DIRECTION('ref_axis',(-0.587785252292473,-1.79957331951499E-16,0.809016994374948));
#2505=DIRECTION('center_axis',(-3.06161699786838E-16,1.,0.));
#2506=DIRECTION('ref_axis',(-0.587785252292473,-1.79957331951499E-16,0.809016994374948));
#2507=DIRECTION('',(3.06161699786838E-16,-1.,2.41310005375468E-33));
#2508=DIRECTION('center_axis',(-3.06161699786838E-16,1.,0.));
#2509=DIRECTION('ref_axis',(-0.587785252292473,-1.79957331951499E-16,0.809016994374948));
#2510=DIRECTION('center_axis',(3.06161699786838E-16,-1.,2.41310005375468E-33));
#2511=DIRECTION('ref_axis',(-0.587785252292473,-1.79957331951499E-16,0.809016994374948));
#2512=DIRECTION('',(-0.50383029810005,0.515038074910054,0.69346291329051));
#2513=DIRECTION('center_axis',(3.06161699786838E-16,-1.,-9.37814130451171E-32));
#2514=DIRECTION('ref_axis',(-0.309016994374947,-9.46091682608538E-17,0.951056516295154));
#2515=DIRECTION('',(-3.06161699786838E-16,1.,9.37814130451171E-32));
#2516=DIRECTION('center_axis',(-3.06161699786838E-16,1.,0.));
#2517=DIRECTION('ref_axis',(-0.309016994374947,-9.46091682608538E-17,0.951056516295154));
#2518=DIRECTION('',(-3.06161699786838E-16,1.,9.37814130451171E-32));
#2519=DIRECTION('center_axis',(3.06161699786838E-16,-1.,-9.37814130451171E-32));
#2520=DIRECTION('ref_axis',(-0.309016994374947,-9.46091682608538E-17,0.951056516295154));
#2521=DIRECTION('center_axis',(-3.06161699786838E-16,1.,0.));
#2522=DIRECTION('ref_axis',(-0.309016994374947,-9.46091682608538E-17,0.951056516295154));
#2523=DIRECTION('',(3.06161699786838E-16,-1.,-9.37814130451171E-32));
#2524=DIRECTION('center_axis',(-3.06161699786838E-16,1.,0.));
#2525=DIRECTION('ref_axis',(-0.309016994374947,-9.46091682608538E-17,0.951056516295154));
#2526=DIRECTION('center_axis',(3.06161699786838E-16,-1.,-9.37814130451171E-32));
#2527=DIRECTION('ref_axis',(-0.309016994374947,-9.46091682608538E-17,0.951056516295154));
#2528=DIRECTION('',(-0.264879262939454,0.515038074910054,0.815214546887871));
#2529=DIRECTION('center_axis',(3.06161699786838E-16,-1.,-4.68907065225586E-32));
#2530=DIRECTION('ref_axis',(6.93889390390723E-17,-6.16297582203915E-32,
1.));
#2531=DIRECTION('',(-3.06161699786838E-16,1.,4.68907065225586E-32));
#2532=DIRECTION('center_axis',(-3.06161699786838E-16,1.,0.));
#2533=DIRECTION('ref_axis',(6.93889390390723E-17,-6.16297582203915E-32,
1.));
#2534=DIRECTION('',(-3.06161699786838E-16,1.,4.68907065225586E-32));
#2535=DIRECTION('center_axis',(3.06161699786838E-16,-1.,-4.68907065225586E-32));
#2536=DIRECTION('ref_axis',(6.93889390390723E-17,-6.16297582203915E-32,
1.));
#2537=DIRECTION('center_axis',(-3.06161699786838E-16,1.,0.));
#2538=DIRECTION('ref_axis',(6.93889390390723E-17,-6.16297582203915E-32,
1.));
#2539=DIRECTION('',(3.06161699786838E-16,-1.,-4.68907065225586E-32));
#2540=DIRECTION('center_axis',(-3.06161699786838E-16,1.,0.));
#2541=DIRECTION('ref_axis',(6.93889390390723E-17,-6.16297582203915E-32,
1.));
#2542=DIRECTION('center_axis',(3.06161699786838E-16,-1.,-4.68907065225586E-32));
#2543=DIRECTION('ref_axis',(6.93889390390723E-17,-6.16297582203915E-32,
1.));
#2544=DIRECTION('',(-2.0317972200856E-16,0.515038074910054,0.857167300702112));
#2545=DIRECTION('center_axis',(3.06161699786838E-16,-1.,-4.68907065225586E-32));
#2546=DIRECTION('ref_axis',(0.309016994374948,9.46091682608537E-17,0.951056516295154));
#2547=DIRECTION('',(-3.06161699786838E-16,1.,4.68907065225586E-32));
#2548=DIRECTION('center_axis',(-3.06161699786838E-16,1.,0.));
#2549=DIRECTION('ref_axis',(0.309016994374948,9.46091682608537E-17,0.951056516295154));
#2550=DIRECTION('',(-3.06161699786838E-16,1.,4.68907065225586E-32));
#2551=DIRECTION('center_axis',(3.06161699786838E-16,-1.,-4.68907065225586E-32));
#2552=DIRECTION('ref_axis',(0.309016994374948,9.46091682608537E-17,0.951056516295154));
#2553=DIRECTION('center_axis',(-3.06161699786838E-16,1.,0.));
#2554=DIRECTION('ref_axis',(0.309016994374948,9.46091682608537E-17,0.951056516295154));
#2555=DIRECTION('',(3.06161699786838E-16,-1.,-4.68907065225586E-32));
#2556=DIRECTION('center_axis',(-3.06161699786838E-16,1.,0.));
#2557=DIRECTION('ref_axis',(0.309016994374948,9.46091682608537E-17,0.951056516295154));
#2558=DIRECTION('center_axis',(3.06161699786838E-16,-1.,-4.68907065225586E-32));
#2559=DIRECTION('ref_axis',(0.309016994374948,9.46091682608537E-17,0.951056516295154));
#2560=DIRECTION('',(0.264879262939453,0.515038074910054,0.815214546887871));
#2561=DIRECTION('center_axis',(3.06161699786838E-16,-1.,-1.06107364689195E-31));
#2562=DIRECTION('ref_axis',(0.587785252292473,1.79957331951499E-16,0.809016994374947));
#2563=DIRECTION('',(-3.06161699786838E-16,1.,1.06107364689195E-31));
#2564=DIRECTION('center_axis',(-3.06161699786838E-16,1.,0.));
#2565=DIRECTION('ref_axis',(0.587785252292473,1.79957331951499E-16,0.809016994374947));
#2566=DIRECTION('',(-3.06161699786838E-16,1.,1.06107364689195E-31));
#2567=DIRECTION('center_axis',(3.06161699786838E-16,-1.,-1.06107364689195E-31));
#2568=DIRECTION('ref_axis',(0.587785252292473,1.79957331951499E-16,0.809016994374947));
#2569=DIRECTION('center_axis',(-3.06161699786838E-16,1.,0.));
#2570=DIRECTION('ref_axis',(0.587785252292473,1.79957331951499E-16,0.809016994374947));
#2571=DIRECTION('',(3.06161699786838E-16,-1.,-1.06107364689195E-31));
#2572=DIRECTION('center_axis',(-3.06161699786838E-16,1.,0.));
#2573=DIRECTION('ref_axis',(0.587785252292473,1.79957331951499E-16,0.809016994374947));
#2574=DIRECTION('center_axis',(3.06161699786838E-16,-1.,-1.06107364689195E-31));
#2575=DIRECTION('ref_axis',(0.587785252292473,1.79957331951499E-16,0.809016994374947));
#2576=DIRECTION('',(0.503830298100049,0.515038074910054,0.69346291329051));
#2577=DIRECTION('center_axis',(3.06161699786838E-16,-1.,-3.63745799187963E-32));
#2578=DIRECTION('ref_axis',(0.809016994374947,2.47690018154273E-16,0.587785252292473));
#2579=DIRECTION('',(-3.06161699786838E-16,1.,3.63745799187963E-32));
#2580=DIRECTION('center_axis',(-3.06161699786838E-16,1.,0.));
#2581=DIRECTION('ref_axis',(0.809016994374947,2.47690018154273E-16,0.587785252292473));
#2582=DIRECTION('',(-3.06161699786838E-16,1.,3.63745799187963E-32));
#2583=DIRECTION('center_axis',(3.06161699786838E-16,-1.,-3.63745799187963E-32));
#2584=DIRECTION('ref_axis',(0.809016994374947,2.47690018154273E-16,0.587785252292473));
#2585=DIRECTION('center_axis',(-3.06161699786838E-16,1.,0.));
#2586=DIRECTION('ref_axis',(0.809016994374947,2.47690018154273E-16,0.587785252292473));
#2587=DIRECTION('',(3.06161699786838E-16,-1.,-3.63745799187963E-32));
#2588=DIRECTION('center_axis',(-3.06161699786838E-16,1.,0.));
#2589=DIRECTION('ref_axis',(0.809016994374947,2.47690018154273E-16,0.587785252292473));
#2590=DIRECTION('center_axis',(3.06161699786838E-16,-1.,-3.63745799187963E-32));
#2591=DIRECTION('ref_axis',(0.809016994374947,2.47690018154273E-16,0.587785252292473));
#2592=DIRECTION('',(0.693462913290509,0.515038074910054,0.503830298100049));
#2593=DIRECTION('center_axis',(3.06161699786838E-16,-1.,-1.23259516440783E-32));
#2594=DIRECTION('ref_axis',(0.951056516295154,2.91177079622273E-16,0.309016994374947));
#2595=DIRECTION('',(-3.06161699786838E-16,1.,1.23259516440783E-32));
#2596=DIRECTION('center_axis',(-3.06161699786838E-16,1.,0.));
#2597=DIRECTION('ref_axis',(0.951056516295154,2.91177079622273E-16,0.309016994374947));
#2598=DIRECTION('',(-3.06161699786838E-16,1.,1.23259516440783E-32));
#2599=DIRECTION('center_axis',(3.06161699786838E-16,-1.,-1.23259516440783E-32));
#2600=DIRECTION('ref_axis',(0.951056516295154,2.91177079622273E-16,0.309016994374947));
#2601=DIRECTION('center_axis',(-3.06161699786838E-16,1.,0.));
#2602=DIRECTION('ref_axis',(0.951056516295154,2.91177079622273E-16,0.309016994374947));
#2603=DIRECTION('',(3.06161699786838E-16,-1.,-1.23259516440783E-32));
#2604=DIRECTION('center_axis',(-3.06161699786838E-16,1.,0.));
#2605=DIRECTION('ref_axis',(0.951056516295154,2.91177079622273E-16,0.309016994374947));
#2606=DIRECTION('center_axis',(3.06161699786838E-16,-1.,-1.23259516440783E-32));
#2607=DIRECTION('ref_axis',(0.951056516295154,2.91177079622273E-16,0.309016994374947));
#2608=DIRECTION('',(0.815214546887871,0.515038074910054,0.264879262939454));
#2609=DIRECTION('center_axis',(3.06161699786838E-16,-1.,0.));
#2610=DIRECTION('ref_axis',(0.,0.,-1.));
#2611=DIRECTION('center_axis',(3.06161699786838E-16,-1.,0.));
#2612=DIRECTION('ref_axis',(1.,3.06161699786838E-16,0.));
#2613=DIRECTION('center_axis',(-3.06161699786838E-16,1.,0.));
#2614=DIRECTION('ref_axis',(1.,3.06161699786838E-16,0.));
#2615=DIRECTION('center_axis',(3.06161699786838E-16,-1.,0.));
#2616=DIRECTION('ref_axis',(1.,3.06161699786838E-16,0.));
#2617=DIRECTION('center_axis',(3.06161699786838E-16,-1.,0.));
#2618=DIRECTION('ref_axis',(1.,3.06161699786838E-16,0.));
#2619=DIRECTION('center_axis',(3.06161699786838E-16,-1.,0.));
#2620=DIRECTION('ref_axis',(1.,3.06161699786838E-16,0.));
#2621=DIRECTION('center_axis',(3.06161699786838E-16,-1.,0.));
#2622=DIRECTION('ref_axis',(1.,3.06161699786838E-16,0.));
#2623=DIRECTION('center_axis',(3.06161699786838E-16,-1.,0.));
#2624=DIRECTION('ref_axis',(1.,3.06161699786838E-16,0.));
#2625=DIRECTION('center_axis',(3.06161699786838E-16,-1.,0.));
#2626=DIRECTION('ref_axis',(1.,3.06161699786838E-16,0.));
#2627=DIRECTION('center_axis',(3.06161699786838E-16,-1.,0.));
#2628=DIRECTION('ref_axis',(1.,3.06161699786838E-16,0.));
#2629=DIRECTION('center_axis',(3.06161699786838E-16,-1.,0.));
#2630=DIRECTION('ref_axis',(1.,3.06161699786838E-16,0.));
#2631=DIRECTION('center_axis',(3.06161699786838E-16,-1.,0.));
#2632=DIRECTION('ref_axis',(1.,3.06161699786838E-16,0.));
#2633=DIRECTION('center_axis',(3.06161699786838E-16,-1.,0.));
#2634=DIRECTION('ref_axis',(1.,3.06161699786838E-16,0.));
#2635=DIRECTION('center_axis',(3.06161699786838E-16,-1.,0.));
#2636=DIRECTION('ref_axis',(1.,3.06161699786838E-16,0.));
#2637=DIRECTION('center_axis',(3.06161699786838E-16,-1.,0.));
#2638=DIRECTION('ref_axis',(1.,3.06161699786838E-16,0.));
#2639=DIRECTION('center_axis',(3.06161699786838E-16,-1.,0.));
#2640=DIRECTION('ref_axis',(1.,3.06161699786838E-16,0.));
#2641=DIRECTION('center_axis',(3.06161699786838E-16,-1.,0.));
#2642=DIRECTION('ref_axis',(1.,3.06161699786838E-16,0.));
#2643=DIRECTION('center_axis',(3.06161699786838E-16,-1.,0.));
#2644=DIRECTION('ref_axis',(1.,3.06161699786838E-16,0.));
#2645=DIRECTION('center_axis',(3.06161699786838E-16,-1.,0.));
#2646=DIRECTION('ref_axis',(1.,3.06161699786838E-16,0.));
#2647=DIRECTION('center_axis',(3.06161699786838E-16,-1.,0.));
#2648=DIRECTION('ref_axis',(1.,3.06161699786838E-16,0.));
#2649=DIRECTION('center_axis',(3.06161699786838E-16,-1.,0.));
#2650=DIRECTION('ref_axis',(1.,3.06161699786838E-16,0.));
#2651=DIRECTION('center_axis',(3.06161699786838E-16,-1.,0.));
#2652=DIRECTION('ref_axis',(1.,3.06161699786838E-16,0.));
#2653=DIRECTION('center_axis',(3.06161699786838E-16,-1.,0.));
#2654=DIRECTION('ref_axis',(1.,3.06161699786838E-16,0.));
#2655=DIRECTION('center_axis',(3.06161699786838E-16,-1.,0.));
#2656=DIRECTION('ref_axis',(1.,3.06161699786838E-16,0.));
#2657=DIRECTION('center_axis',(3.06161699786838E-16,-1.,0.));
#2658=DIRECTION('ref_axis',(1.,3.06161699786838E-16,0.));
#2659=DIRECTION('',(-3.06161699786838E-16,1.,0.));
#2660=DIRECTION('center_axis',(3.06161699786838E-16,-1.,0.));
#2661=DIRECTION('ref_axis',(1.,3.06161699786838E-16,0.));
#2662=DIRECTION('',(3.06161699786838E-16,-1.,0.));
#2663=DIRECTION('center_axis',(3.06161699786838E-16,-1.,0.));
#2664=DIRECTION('ref_axis',(1.,3.06161699786838E-16,0.));
#2665=DIRECTION('center_axis',(3.06161699786838E-16,-1.,0.));
#2666=DIRECTION('ref_axis',(1.,3.06161699786838E-16,0.));
#2667=DIRECTION('center_axis',(3.06161699786838E-16,-1.,0.));
#2668=DIRECTION('ref_axis',(1.,3.06161699786838E-16,0.));
#2669=DIRECTION('center_axis',(3.06161699786838E-16,-1.,0.));
#2670=DIRECTION('ref_axis',(1.,3.06161699786838E-16,0.));
#2671=DIRECTION('center_axis',(3.06161699786838E-16,-1.,0.));
#2672=DIRECTION('ref_axis',(1.,3.06161699786838E-16,0.));
#2673=DIRECTION('center_axis',(3.06161699786838E-16,-1.,0.));
#2674=DIRECTION('ref_axis',(1.,3.06161699786838E-16,0.));
#2675=DIRECTION('center_axis',(3.06161699786838E-16,-1.,0.));
#2676=DIRECTION('ref_axis',(1.,3.06161699786838E-16,0.));
#2677=DIRECTION('center_axis',(3.06161699786838E-16,-1.,0.));
#2678=DIRECTION('ref_axis',(1.,3.06161699786838E-16,0.));
#2679=DIRECTION('center_axis',(3.06161699786838E-16,-1.,0.));
#2680=DIRECTION('ref_axis',(1.,3.06161699786838E-16,0.));
#2681=DIRECTION('center_axis',(3.06161699786838E-16,-1.,0.));
#2682=DIRECTION('ref_axis',(1.,3.06161699786838E-16,0.));
#2683=DIRECTION('center_axis',(3.06161699786838E-16,-1.,0.));
#2684=DIRECTION('ref_axis',(1.,3.06161699786838E-16,0.));
#2685=DIRECTION('center_axis',(3.06161699786838E-16,-1.,0.));
#2686=DIRECTION('ref_axis',(1.,3.06161699786838E-16,0.));
#2687=DIRECTION('center_axis',(3.06161699786838E-16,-1.,0.));
#2688=DIRECTION('ref_axis',(1.,3.06161699786838E-16,0.));
#2689=DIRECTION('center_axis',(3.06161699786838E-16,-1.,0.));
#2690=DIRECTION('ref_axis',(1.,3.06161699786838E-16,0.));
#2691=DIRECTION('center_axis',(3.06161699786838E-16,-1.,0.));
#2692=DIRECTION('ref_axis',(1.,3.06161699786838E-16,0.));
#2693=DIRECTION('center_axis',(3.06161699786838E-16,-1.,0.));
#2694=DIRECTION('ref_axis',(1.,3.06161699786838E-16,0.));
#2695=DIRECTION('center_axis',(3.06161699786838E-16,-1.,0.));
#2696=DIRECTION('ref_axis',(1.,3.06161699786838E-16,0.));
#2697=DIRECTION('center_axis',(3.06161699786838E-16,-1.,0.));
#2698=DIRECTION('ref_axis',(1.,3.06161699786838E-16,0.));
#2699=DIRECTION('center_axis',(3.06161699786838E-16,-1.,0.));
#2700=DIRECTION('ref_axis',(1.,3.06161699786838E-16,0.));
#2701=DIRECTION('center_axis',(3.06161699786838E-16,-1.,0.));
#2702=DIRECTION('ref_axis',(1.,3.06161699786838E-16,0.));
#2703=DIRECTION('center_axis',(3.06161699786838E-16,-1.,0.));
#2704=DIRECTION('ref_axis',(1.,3.06161699786838E-16,0.));
#2705=DIRECTION('center_axis',(3.06161699786838E-16,-1.,0.));
#2706=DIRECTION('ref_axis',(1.,3.06161699786838E-16,0.));
#2707=DIRECTION('center_axis',(3.06161699786838E-16,-1.,0.));
#2708=DIRECTION('ref_axis',(1.,3.06161699786838E-16,0.));
#2709=DIRECTION('center_axis',(3.06161699786838E-16,-1.,0.));
#2710=DIRECTION('ref_axis',(1.,3.06161699786838E-16,0.));
#2711=DIRECTION('center_axis',(3.06161699786838E-16,-1.,0.));
#2712=DIRECTION('ref_axis',(1.,3.06161699786838E-16,0.));
#2713=DIRECTION('center_axis',(3.06161699786838E-16,-1.,0.));
#2714=DIRECTION('ref_axis',(1.,3.06161699786838E-16,0.));
#2715=DIRECTION('center_axis',(3.06161699786838E-16,-1.,0.));
#2716=DIRECTION('ref_axis',(1.,3.06161699786838E-16,0.));
#2717=DIRECTION('center_axis',(3.06161699786838E-16,-1.,0.));
#2718=DIRECTION('ref_axis',(1.,3.06161699786838E-16,0.));
#2719=DIRECTION('center_axis',(3.06161699786838E-16,-1.,0.));
#2720=DIRECTION('ref_axis',(1.,3.06161699786838E-16,0.));
#2721=DIRECTION('center_axis',(3.06161699786838E-16,-1.,0.));
#2722=DIRECTION('ref_axis',(1.,3.06161699786838E-16,0.));
#2723=DIRECTION('center_axis',(3.06161699786838E-16,-1.,0.));
#2724=DIRECTION('ref_axis',(1.,3.06161699786838E-16,0.));
#2725=DIRECTION('center_axis',(3.06161699786838E-16,-1.,0.));
#2726=DIRECTION('ref_axis',(1.,3.06161699786838E-16,0.));
#2727=DIRECTION('center_axis',(3.06161699786838E-16,-1.,0.));
#2728=DIRECTION('ref_axis',(1.,3.06161699786838E-16,0.));
#2729=DIRECTION('center_axis',(3.06161699786838E-16,-1.,0.));
#2730=DIRECTION('ref_axis',(1.,3.06161699786838E-16,0.));
#2731=DIRECTION('center_axis',(3.06161699786838E-16,-1.,0.));
#2732=DIRECTION('ref_axis',(1.,3.06161699786838E-16,0.));
#2733=DIRECTION('center_axis',(3.06161699786838E-16,-1.,0.));
#2734=DIRECTION('ref_axis',(1.,3.06161699786838E-16,0.));
#2735=DIRECTION('center_axis',(-3.06161699786838E-16,1.,0.));
#2736=DIRECTION('ref_axis',(1.,3.06161699786838E-16,0.));
#2737=DIRECTION('',(-3.06161699786838E-16,1.,0.));
#2738=DIRECTION('center_axis',(3.06161699786838E-16,-1.,0.));
#2739=DIRECTION('ref_axis',(1.,3.06161699786838E-16,0.));
#2740=DIRECTION('center_axis',(-3.06161699786838E-16,1.,0.));
#2741=DIRECTION('ref_axis',(1.,3.06161699786838E-16,0.));
#2742=DIRECTION('center_axis',(3.06161699786838E-16,-1.,0.));
#2743=DIRECTION('ref_axis',(1.,3.06161699786838E-16,0.));
#2744=DIRECTION('',(0.857167300702112,0.515038074910054,1.04972719113862E-16));
#2745=DIRECTION('center_axis',(3.06161699786838E-16,-1.,0.));
#2746=DIRECTION('ref_axis',(1.,3.06161699786838E-16,0.));
#2747=DIRECTION('center_axis',(3.06161699786838E-16,-1.,0.));
#2748=DIRECTION('ref_axis',(1.,3.06161699786838E-16,0.));
#2749=DIRECTION('',(-3.06161699786838E-16,1.,0.));
#2750=DIRECTION('center_axis',(3.06161699786838E-16,-1.,0.));
#2751=DIRECTION('ref_axis',(0.,0.,-1.));
#2752=DIRECTION('center_axis',(3.06161699786838E-16,-1.,0.));
#2753=DIRECTION('ref_axis',(1.,3.06161699786838E-16,0.));
#2754=DIRECTION('center_axis',(3.06161699786838E-16,-1.,0.));
#2755=DIRECTION('ref_axis',(1.,3.06161699786838E-16,0.));
#2756=DIRECTION('center_axis',(3.06161699786838E-16,-1.,0.));
#2757=DIRECTION('ref_axis',(1.,3.06161699786838E-16,0.));
#2758=DIRECTION('',(-3.06161699786838E-16,1.,0.));
#2759=DIRECTION('center_axis',(3.06161699786838E-16,-1.,0.));
#2760=DIRECTION('ref_axis',(1.,3.06161699786838E-16,0.));
#2761=DIRECTION('center_axis',(3.06161699786838E-16,-1.,0.));
#2762=DIRECTION('ref_axis',(0.,0.,-1.));
#2763=DIRECTION('center_axis',(3.06161699786838E-16,-1.,0.));
#2764=DIRECTION('ref_axis',(1.,3.06161699786838E-16,0.));
#2765=DIRECTION('center_axis',(3.06161699786838E-16,-1.,0.));
#2766=DIRECTION('ref_axis',(1.,3.06161699786838E-16,0.));
#2767=DIRECTION('',(-3.06161699786838E-16,1.,0.));
#2768=CARTESIAN_POINT('',(0.,0.,0.));
#2769=CARTESIAN_POINT('Origin',(-34.7492544433463,-117.565341579183,-17.7056294898423));
#2770=CARTESIAN_POINT('',(-35.3981901315337,3.59999999999998,-15.7084108056225));
#2771=CARTESIAN_POINT('Origin',(-34.7492544433463,3.59999999999998,-17.7056294898423));
#2772=CARTESIAN_POINT('',(-35.3981901315337,-7.60000000000003,-15.7084108056225));
#2773=CARTESIAN_POINT('',(-35.3981901315337,-117.565341579183,-15.7084108056225));
#2774=CARTESIAN_POINT('Origin',(-34.7492544433463,-7.60000000000003,-17.7056294898423));
#2775=CARTESIAN_POINT('Origin',(-27.5771644662753,-117.565341579183,27.5771644662754));
#2776=CARTESIAN_POINT('',(-25.8782287780879,3.59999999999998,28.8115134960895));
#2777=CARTESIAN_POINT('Origin',(-27.5771644662753,3.59999999999998,27.5771644662754));
#2778=CARTESIAN_POINT('',(-25.8782287780879,-7.60000000000003,28.8115134960895));
#2779=CARTESIAN_POINT('',(-25.8782287780879,-117.565341579183,28.8115134960895));
#2780=CARTESIAN_POINT('Origin',(-27.5771644662753,-7.60000000000003,27.5771644662754));
#2781=CARTESIAN_POINT('Origin',(17.7056294898424,-117.565341579183,34.7492544433463));
#2782=CARTESIAN_POINT('',(19.4045651780297,3.59999999999999,33.5149054135321));
#2783=CARTESIAN_POINT('Origin',(17.7056294898423,3.59999999999999,34.7492544433463));
#2784=CARTESIAN_POINT('',(19.4045651780297,-7.60000000000001,33.5149054135321));
#2785=CARTESIAN_POINT('',(19.4045651780298,-117.565341579183,33.5149054135321));
#2786=CARTESIAN_POINT('Origin',(17.7056294898423,-7.60000000000002,34.7492544433463));
#2787=CARTESIAN_POINT('Origin',(38.5198452832104,-117.565341579183,-6.10094413656901));
#2788=CARTESIAN_POINT('',(37.870909595023,3.59999999999999,-8.09816282078883));
#2789=CARTESIAN_POINT('Origin',(38.5198452832103,3.59999999999999,-6.10094413656901));
#2790=CARTESIAN_POINT('',(37.870909595023,-7.60000000000001,-8.09816282078883));
#2791=CARTESIAN_POINT('',(37.870909595023,-117.565341579183,-8.09816282078883));
#2792=CARTESIAN_POINT('Origin',(38.5198452832103,-7.60000000000002,-6.10094413656901));
#2793=CARTESIAN_POINT('Origin',(6.10094413656903,-117.565341579183,-38.5198452832103));
#2794=CARTESIAN_POINT('',(4.00094413656899,3.59999999999999,-38.5198452832103));
#2795=CARTESIAN_POINT('Origin',(6.10094413656899,3.59999999999999,-38.5198452832103));
#2796=CARTESIAN_POINT('',(4.00094413656899,-7.60000000000002,-38.5198452832103));
#2797=CARTESIAN_POINT('',(4.00094413656903,-117.565341579183,-38.5198452832103));
#2798=CARTESIAN_POINT('Origin',(6.10094413656899,-7.60000000000002,-38.5198452832103));
#2799=CARTESIAN_POINT('Origin',(-25.1022907321224,7.59999999999998,30.0520382004283));
#2800=CARTESIAN_POINT('',(-25.1022907321224,7.59999999999998,30.0520382004283));
#2801=CARTESIAN_POINT('',(-27.4750845295909,7.59999999999998,32.4248319978968));
#2802=CARTESIAN_POINT('',(-0.688708498984794,7.59999999999998,5.63845596729057));
#2803=CARTESIAN_POINT('',(-25.1022907321224,3.59999999999998,30.0520382004283));
#2804=CARTESIAN_POINT('',(-25.1022907321224,7.59999999999998,30.0520382004283));
#2805=CARTESIAN_POINT('',(-27.4750845295909,3.59999999999998,32.4248319978968));
#2806=CARTESIAN_POINT('',(-27.4750845295909,3.59999999999998,32.4248319978968));
#2807=CARTESIAN_POINT('',(-27.4750845295909,-1.17855882418851E-14,32.4248319978968));
#2808=CARTESIAN_POINT('Origin',(-27.5771644662753,7.59999999999998,27.5771644662753));
#2809=CARTESIAN_POINT('',(-30.0520382004282,7.59999999999998,25.1022907321224));
#2810=CARTESIAN_POINT('Origin',(-27.5771644662753,7.6,27.5771644662753));
#2811=CARTESIAN_POINT('',(-30.0520382004282,3.59999999999998,25.1022907321224));
#2812=CARTESIAN_POINT('',(-30.0520382004282,7.59999999999998,25.1022907321224));
#2813=CARTESIAN_POINT('Origin',(-27.5771644662753,3.59999999999998,27.5771644662753));
#2814=CARTESIAN_POINT('Origin',(-32.4248319978968,7.59999999999997,27.4750845295909));
#2815=CARTESIAN_POINT('',(-32.4248319978968,7.59999999999997,27.4750845295909));
#2816=CARTESIAN_POINT('',(-6.82485286602482,7.59999999999998,1.87510539771903));
#2817=CARTESIAN_POINT('',(-32.4248319978968,3.59999999999997,27.4750845295909));
#2818=CARTESIAN_POINT('',(-32.4248319978968,-1.3290293524578E-14,27.4750845295909));
#2819=CARTESIAN_POINT('',(-30.0520382004282,3.59999999999998,25.1022907321224));
#2820=CARTESIAN_POINT('Origin',(-28.2509982320861,3.59999999999998,28.2509982320861));
#2821=CARTESIAN_POINT('Origin',(-2.4982794702606E-15,3.59999999999998,0.));
#2822=CARTESIAN_POINT('Origin',(-36.3382211924347,7.59999999999997,-14.587106655183));
#2823=CARTESIAN_POINT('',(-36.3382211924347,7.59999999999997,-14.587106655183));
#2824=CARTESIAN_POINT('',(-39.3281158029071,7.59999999999997,-16.1105340505249));
#2825=CARTESIAN_POINT('',(-2.09337566515408,7.59999999999998,2.86151365497196));
#2826=CARTESIAN_POINT('',(-36.3382211924347,3.59999999999997,-14.587106655183));
#2827=CARTESIAN_POINT('',(-36.3382211924347,7.59999999999997,-14.587106655183));
#2828=CARTESIAN_POINT('',(-39.3281158029071,3.59999999999997,-16.1105340505249));
#2829=CARTESIAN_POINT('',(-39.3281158029071,3.59999999999997,-16.1105340505249));
#2830=CARTESIAN_POINT('',(-39.3281158029071,-1.535986119688E-14,-16.110534050525));
#2831=CARTESIAN_POINT('Origin',(-34.7492544433463,7.59999999999997,-17.7056294898423));
#2832=CARTESIAN_POINT('',(-33.1602876942579,7.59999999999997,-20.8241523245016));
#2833=CARTESIAN_POINT('Origin',(-34.7492544433463,7.6,-17.7056294898423));
#2834=CARTESIAN_POINT('',(-33.1602876942579,3.59999999999997,-20.8241523245016));
#2835=CARTESIAN_POINT('',(-33.1602876942579,7.59999999999997,-20.8241523245016));
#2836=CARTESIAN_POINT('Origin',(-34.7492544433463,3.59999999999997,-17.7056294898423));
#2837=CARTESIAN_POINT('Origin',(-36.1501823047303,7.59999999999997,-22.3475797198435));
#2838=CARTESIAN_POINT('',(-36.1501823047303,7.59999999999997,-22.3475797198435));
#2839=CARTESIAN_POINT('',(-0.410389472213434,7.59999999999998,-4.13724571201759));
#2840=CARTESIAN_POINT('',(-36.1501823047303,3.59999999999997,-22.3475797198435));
#2841=CARTESIAN_POINT('',(-36.1501823047303,-1.44156848280114E-14,-22.3475797198435));
#2842=CARTESIAN_POINT('',(-33.1602876942579,3.59999999999997,-20.8241523245016));
#2843=CARTESIAN_POINT('Origin',(-35.2886851231267,3.59999999999997,-18.2766046048429));
#2844=CARTESIAN_POINT('Origin',(-2.4982794702606E-15,3.59999999999998,0.));
#2845=CARTESIAN_POINT('Origin',(20.8241523245016,7.59999999999999,33.1602876942579));
#2846=CARTESIAN_POINT('',(20.8241523245016,7.59999999999999,33.1602876942579));
#2847=CARTESIAN_POINT('',(22.3475797198435,7.59999999999999,36.1501823047303));
#2848=CARTESIAN_POINT('',(16.3511192739729,7.59999999999999,24.3814660378185));
#2849=CARTESIAN_POINT('',(20.8241523245016,3.59999999999999,33.1602876942579));
#2850=CARTESIAN_POINT('',(20.8241523245016,7.59999999999999,33.1602876942579));
#2851=CARTESIAN_POINT('',(22.3475797198435,3.59999999999999,36.1501823047303));
#2852=CARTESIAN_POINT('',(22.3475797198435,3.59999999999999,36.1501823047303));
#2853=CARTESIAN_POINT('',(22.3475797198435,3.65419405700444E-15,36.1501823047303));
#2854=CARTESIAN_POINT('Origin',(17.7056294898423,7.59999999999999,34.7492544433463));
#2855=CARTESIAN_POINT('',(14.587106655183,7.59999999999999,36.3382211924347));
#2856=CARTESIAN_POINT('Origin',(17.7056294898423,7.59999999999998,34.7492544433463));
#2857=CARTESIAN_POINT('',(14.587106655183,3.59999999999999,36.3382211924347));
#2858=CARTESIAN_POINT('',(14.587106655183,7.59999999999999,36.3382211924347));
#2859=CARTESIAN_POINT('Origin',(17.7056294898423,3.59999999999999,34.7492544433463));
#2860=CARTESIAN_POINT('Origin',(16.1105340505249,7.59999999999999,39.3281158029071));
#2861=CARTESIAN_POINT('',(16.1105340505249,7.59999999999999,39.3281158029071));
#2862=CARTESIAN_POINT('',(10.8757873023253,7.59999999999999,29.0543468412316));
#2863=CARTESIAN_POINT('',(16.1105340505249,3.59999999999999,39.3281158029071));
#2864=CARTESIAN_POINT('',(16.1105340505249,1.35599122006607E-15,39.3281158029071));
#2865=CARTESIAN_POINT('',(14.587106655183,3.59999999999999,36.3382211924347));
#2866=CARTESIAN_POINT('Origin',(18.2766046048429,3.59999999999999,35.2886851231267));
#2867=CARTESIAN_POINT('Origin',(-2.4982794702606E-15,3.59999999999998,0.));
#2868=CARTESIAN_POINT('Origin',(2.64403494448601,7.59999999999999,-39.0673659108512));
#2869=CARTESIAN_POINT('',(2.64403494448601,7.59999999999999,-39.0673659108512));
#2870=CARTESIAN_POINT('',(3.16897224990246,7.59999999999999,-42.3816896180337));
#2871=CARTESIAN_POINT('',(0.113587390565502,7.59999999999998,-23.0907488344798));
#2872=CARTESIAN_POINT('',(2.64403494448601,3.59999999999999,-39.0673659108512));
#2873=CARTESIAN_POINT('',(2.64403494448601,7.59999999999999,-39.0673659108512));
#2874=CARTESIAN_POINT('',(3.16897224990246,3.59999999999999,-42.3816896180337));
#2875=CARTESIAN_POINT('',(3.16897224990246,3.59999999999999,-42.3816896180337));
#2876=CARTESIAN_POINT('',(3.16897224990247,-2.21009074740525E-15,-42.3816896180337));
#2877=CARTESIAN_POINT('Origin',(6.10094413656899,7.59999999999999,-38.5198452832103));
#2878=CARTESIAN_POINT('',(9.55785332865197,7.59999999999999,-37.9723246555695));
#2879=CARTESIAN_POINT('Origin',(6.10094413656899,7.59999999999999,-38.5198452832103));
#2880=CARTESIAN_POINT('',(9.55785332865197,3.59999999999999,-37.9723246555695));
#2881=CARTESIAN_POINT('',(9.55785332865197,7.59999999999999,-37.9723246555695));
#2882=CARTESIAN_POINT('Origin',(6.10094413656899,3.59999999999999,-38.5198452832103));
#2883=CARTESIAN_POINT('Origin',(10.0827906340684,7.59999999999999,-41.2866483627521));
#2884=CARTESIAN_POINT('',(10.0827906340684,7.59999999999999,-41.2866483627521));
#2885=CARTESIAN_POINT('',(7.28987442743968,7.59999999999999,-23.6528694327895));
#2886=CARTESIAN_POINT('',(10.0827906340684,3.59999999999999,-41.2866483627521));
#2887=CARTESIAN_POINT('',(10.0827906340684,-1.21852377377133E-16,-41.2866483627521));
#2888=CARTESIAN_POINT('',(9.55785332865197,3.59999999999999,-37.9723246555695));
#2889=CARTESIAN_POINT('Origin',(6.34186738531871,3.59999999999999,-38.700767450622));
#2890=CARTESIAN_POINT('Origin',(-2.4982794702606E-15,3.59999999999998,0.));
#2891=CARTESIAN_POINT('Origin',(42.3816896180337,7.6,-3.16897224990247));
#2892=CARTESIAN_POINT('',(42.3816896180337,7.6,-3.16897224990247));
#2893=CARTESIAN_POINT('',(39.0673659108511,7.6,-2.64403494448603));
#2894=CARTESIAN_POINT('',(42.1945806084732,7.6,-3.13933709414356));
#2895=CARTESIAN_POINT('',(42.3816896180337,3.6,-3.16897224990247));
#2896=CARTESIAN_POINT('',(42.3816896180337,9.81849414052317E-15,-3.16897224990248));
#2897=CARTESIAN_POINT('',(39.0673659108511,3.6,-2.64403494448603));
#2898=CARTESIAN_POINT('',(39.0673659108512,3.6,-2.64403494448603));
#2899=CARTESIAN_POINT('',(39.0673659108511,7.6,-2.64403494448603));
#2900=CARTESIAN_POINT('Origin',(37.9723246555695,7.6,-9.55785332865199));
#2901=CARTESIAN_POINT('',(37.9723246555695,7.6,-9.55785332865199));
#2902=CARTESIAN_POINT('',(41.2866483627521,7.6,-10.0827906340684));
#2903=CARTESIAN_POINT('',(39.4423774996004,7.6,-9.7906868256013));
#2904=CARTESIAN_POINT('',(37.9723246555695,3.6,-9.55785332865199));
#2905=CARTESIAN_POINT('',(37.9723246555695,7.6,-9.55785332865199));
#2906=CARTESIAN_POINT('',(41.2866483627521,3.6,-10.0827906340684));
#2907=CARTESIAN_POINT('',(41.2866483627521,3.6,-10.0827906340684));
#2908=CARTESIAN_POINT('',(41.2866483627521,9.04800075978856E-15,-10.0827906340684));
#2909=CARTESIAN_POINT('Origin',(38.5198452832103,7.6,-6.10094413656901));
#2910=CARTESIAN_POINT('Origin',(38.5198452832103,7.6,-6.10094413656901));
#2911=CARTESIAN_POINT('Origin',(38.5198452832103,3.6,-6.10094413656901));
#2912=CARTESIAN_POINT('Origin',(38.700767450622,3.6,-6.34186738531873));
#2913=CARTESIAN_POINT('Origin',(-2.4982794702606E-15,3.59999999999998,0.));
#2914=CARTESIAN_POINT('Origin',(42.5,7.6,0.));
#2915=CARTESIAN_POINT('Origin',(-3.72292626940795E-15,7.59999999999998,
0.));
#2916=CARTESIAN_POINT('Origin',(-3.72292626940795E-15,7.59999999999998,
0.));
#2917=CARTESIAN_POINT('Origin',(-3.72292626940795E-15,7.59999999999998,
0.));
#2918=CARTESIAN_POINT('Origin',(-3.72292626940795E-15,7.59999999999998,
0.));
#2919=CARTESIAN_POINT('',(-42.5,7.59999999999997,-5.20474889637625E-15));
#2920=CARTESIAN_POINT('Origin',(-3.72292626940795E-15,7.59999999999998,
0.));
#2921=CARTESIAN_POINT('Origin',(-3.72292626940795E-15,7.59999999999998,
0.));
#2922=CARTESIAN_POINT('',(-24.,7.6,-2.93915231795365E-15));
#2923=CARTESIAN_POINT('Origin',(-3.72292626940796E-15,7.60000000000001,
0.));
#2924=CARTESIAN_POINT('Origin',(-33.2869780703304,-2.60000000000004,10.8155948031232));
#2925=CARTESIAN_POINT('',(-32.6148503052084,-7.60000000000004,12.6992731905747));
#2926=CARTESIAN_POINT('',(-32.6148503052084,-2.4,12.6992731905748));
#2927=CARTESIAN_POINT('',(-32.6148503052084,-2.60000000000004,12.6992731905747));
#2928=CARTESIAN_POINT('',(-35.1890911029207,-7.60000000000004,11.4336287918731));
#2929=CARTESIAN_POINT('Origin',(-33.2869780703304,-7.60000000000004,10.8155948031232));
#2930=CARTESIAN_POINT('',(-35.1890911029207,2.39999999999996,11.4336287918731));
#2931=CARTESIAN_POINT('',(-35.1890911029207,-2.60000000000004,11.4336287918731));
#2932=CARTESIAN_POINT('Origin',(-33.2869780703304,2.39999999999996,10.8155948031232));
#2933=CARTESIAN_POINT('',(-33.8504136621615,-7.60000000000004,8.8966001877431));
#2934=CARTESIAN_POINT('Origin',(-33.2869780703304,-7.60000000000004,10.8155948031232));
#2935=CARTESIAN_POINT('',(-33.8504136621615,-2.4,8.89660018774301));
#2936=CARTESIAN_POINT('',(-33.8504136621615,-2.60000000000004,8.89660018774305));
#2937=CARTESIAN_POINT('Origin',(-33.2869780703304,-2.4,10.8155948031232));
#2938=CARTESIAN_POINT('Origin',(-33.2869780703304,3.00086061902752,10.8155948031232));
#2939=CARTESIAN_POINT('',(-33.2869780703304,3.60172123805508,10.8155948031232));
#2940=CARTESIAN_POINT('',(-34.2380345866255,3.00086061902752,11.1246117974981));
#2941=CARTESIAN_POINT('Origin',(-28.3155948031232,-2.60000000000004,20.5724838302366));
#2942=CARTESIAN_POINT('',(-27.0942746786617,-7.60000000000004,22.1562695334127));
#2943=CARTESIAN_POINT('',(-27.0942746786616,-2.4,22.1562695334128));
#2944=CARTESIAN_POINT('',(-27.0942746786616,-2.60000000000004,22.1562695334128));
#2945=CARTESIAN_POINT('',(-29.9336287918731,-7.60000000000004,21.7480543348215));
#2946=CARTESIAN_POINT('Origin',(-28.3155948031232,-7.60000000000004,20.5724838302366));
#2947=CARTESIAN_POINT('',(-29.9336287918731,2.39999999999996,21.7480543348215));
#2948=CARTESIAN_POINT('',(-29.9336287918731,-2.60000000000004,21.7480543348215));
#2949=CARTESIAN_POINT('Origin',(-28.3155948031232,2.39999999999996,20.5724838302366));
#2950=CARTESIAN_POINT('',(-29.4444558425132,-7.60000000000004,18.9215226696556));
#2951=CARTESIAN_POINT('Origin',(-28.3155948031232,-7.60000000000004,20.5724838302366));
#2952=CARTESIAN_POINT('',(-29.4444558425133,-2.4,18.9215226696555));
#2953=CARTESIAN_POINT('',(-29.4444558425132,-2.60000000000004,18.9215226696555));
#2954=CARTESIAN_POINT('Origin',(-28.3155948031232,-2.4,20.5724838302366));
#2955=CARTESIAN_POINT('Origin',(-28.3155948031232,3.00086061902752,20.5724838302366));
#2956=CARTESIAN_POINT('',(-28.3155948031232,3.60172123805508,20.5724838302366));
#2957=CARTESIAN_POINT('',(-29.1246117974981,3.00086061902752,21.1602690825291));
#2958=CARTESIAN_POINT('Origin',(-20.5724838302366,-2.60000000000004,28.3155948031232));
#2959=CARTESIAN_POINT('',(-18.9215226696556,-7.60000000000004,29.4444558425132));
#2960=CARTESIAN_POINT('',(-18.9215226696555,-2.39999999999999,29.4444558425133));
#2961=CARTESIAN_POINT('',(-18.9215226696555,-2.60000000000004,29.4444558425133));
#2962=CARTESIAN_POINT('',(-21.7480543348215,-7.60000000000004,29.9336287918731));
#2963=CARTESIAN_POINT('Origin',(-20.5724838302366,-7.60000000000004,28.3155948031232));
#2964=CARTESIAN_POINT('',(-21.7480543348215,2.39999999999996,29.9336287918731));
#2965=CARTESIAN_POINT('',(-21.7480543348215,-2.60000000000004,29.9336287918731));
#2966=CARTESIAN_POINT('Origin',(-20.5724838302366,2.39999999999996,28.3155948031232));
#2967=CARTESIAN_POINT('',(-22.1562695334127,-7.60000000000004,27.0942746786617));
#2968=CARTESIAN_POINT('Origin',(-20.5724838302366,-7.60000000000004,28.3155948031232));
#2969=CARTESIAN_POINT('',(-22.1562695334128,-2.4,27.0942746786616));
#2970=CARTESIAN_POINT('',(-22.1562695334128,-2.60000000000004,27.0942746786617));
#2971=CARTESIAN_POINT('Origin',(-20.5724838302366,-2.4,28.3155948031232));
#2972=CARTESIAN_POINT('Origin',(-20.5724838302366,3.00086061902752,28.3155948031232));
#2973=CARTESIAN_POINT('',(-20.5724838302366,3.60172123805508,28.3155948031232));
#2974=CARTESIAN_POINT('',(-21.160269082529,3.00086061902752,29.1246117974981));
#2975=CARTESIAN_POINT('Origin',(-10.8155948031232,-2.60000000000004,33.2869780703304));
#2976=CARTESIAN_POINT('',(-8.89660018774308,-7.60000000000004,33.8504136621615));
#2977=CARTESIAN_POINT('',(-8.896600187743,-2.39999999999999,33.8504136621615));
#2978=CARTESIAN_POINT('',(-8.89660018774304,-2.60000000000004,33.8504136621615));
#2979=CARTESIAN_POINT('',(-11.433628791873,-7.60000000000004,35.1890911029207));
#2980=CARTESIAN_POINT('Origin',(-10.8155948031232,-7.60000000000004,33.2869780703304));
#2981=CARTESIAN_POINT('',(-11.4336287918731,2.39999999999996,35.1890911029207));
#2982=CARTESIAN_POINT('',(-11.433628791873,-2.60000000000004,35.1890911029207));
#2983=CARTESIAN_POINT('Origin',(-10.8155948031232,2.39999999999996,33.2869780703304));
#2984=CARTESIAN_POINT('',(-12.6992731905747,-7.60000000000004,32.6148503052084));
#2985=CARTESIAN_POINT('Origin',(-10.8155948031232,-7.60000000000004,33.2869780703304));
#2986=CARTESIAN_POINT('',(-12.6992731905748,-2.39999999999999,32.6148503052084));
#2987=CARTESIAN_POINT('',(-12.6992731905747,-2.60000000000004,32.6148503052084));
#2988=CARTESIAN_POINT('Origin',(-10.8155948031232,-2.39999999999999,33.2869780703304));
#2989=CARTESIAN_POINT('Origin',(-10.8155948031232,3.00086061902752,33.2869780703304));
#2990=CARTESIAN_POINT('',(-10.8155948031232,3.60172123805508,33.2869780703304));
#2991=CARTESIAN_POINT('',(-11.1246117974981,3.00086061902752,34.2380345866255));
#2992=CARTESIAN_POINT('Origin',(6.59300827980052E-15,-2.60000000000003,
35.));
#2993=CARTESIAN_POINT('',(1.99918350680406,-7.60000000000003,34.9428571428572));
#2994=CARTESIAN_POINT('',(1.99918350680415,-2.39999999999999,34.9428571428572));
#2995=CARTESIAN_POINT('',(1.99918350680411,-2.60000000000003,34.9428571428572));
#2996=CARTESIAN_POINT('',(8.2258321141006E-15,-7.60000000000003,37.));
#2997=CARTESIAN_POINT('Origin',(8.12381677873471E-15,-7.60000000000003,
35.));
#2998=CARTESIAN_POINT('',(5.16421511623222E-15,2.39999999999997,37.));
#2999=CARTESIAN_POINT('',(6.69502361516641E-15,-2.60000000000003,37.));
#3000=CARTESIAN_POINT('Origin',(4.37256223055021E-15,2.39999999999997,35.));
#3001=CARTESIAN_POINT('',(-1.99918350680405,-7.60000000000003,34.9428571428572));
#3002=CARTESIAN_POINT('Origin',(8.12381677873471E-15,-7.60000000000003,
35.));
#3003=CARTESIAN_POINT('',(-1.99918350680414,-2.39999999999999,34.9428571428572));
#3004=CARTESIAN_POINT('',(-1.9991835068041,-2.60000000000003,34.9428571428572));
#3005=CARTESIAN_POINT('Origin',(6.53177593984314E-15,-2.39999999999999,
35.));
#3006=CARTESIAN_POINT('Origin',(2.1521161812999E-15,3.00086061902753,35.));
#3007=CARTESIAN_POINT('',(2.1521161812999E-15,3.60172123805509,35.));
#3008=CARTESIAN_POINT('',(2.20312384898284E-15,3.00086061902753,36.));
#3009=CARTESIAN_POINT('Origin',(10.8155948031232,-2.60000000000003,33.2869780703304));
#3010=CARTESIAN_POINT('',(12.6992731905747,-7.60000000000003,32.6148503052084));
#3011=CARTESIAN_POINT('',(12.6992731905748,-2.39999999999998,32.6148503052084));
#3012=CARTESIAN_POINT('',(12.6992731905747,-2.60000000000003,32.6148503052084));
#3013=CARTESIAN_POINT('',(11.4336287918731,-7.60000000000003,35.1890911029207));
#3014=CARTESIAN_POINT('Origin',(10.8155948031232,-7.60000000000003,33.2869780703304));
#3015=CARTESIAN_POINT('',(11.4336287918731,2.39999999999997,35.1890911029207));
#3016=CARTESIAN_POINT('',(11.4336287918731,-2.60000000000003,35.1890911029207));
#3017=CARTESIAN_POINT('Origin',(10.8155948031232,2.39999999999997,33.2869780703304));
#3018=CARTESIAN_POINT('',(8.8966001877431,-7.60000000000003,33.8504136621615));
#3019=CARTESIAN_POINT('Origin',(10.8155948031232,-7.60000000000003,33.2869780703304));
#3020=CARTESIAN_POINT('',(8.89660018774301,-2.39999999999999,33.8504136621615));
#3021=CARTESIAN_POINT('',(8.89660018774305,-2.60000000000003,33.8504136621615));
#3022=CARTESIAN_POINT('Origin',(10.8155948031232,-2.39999999999999,33.2869780703304));
#3023=CARTESIAN_POINT('Origin',(10.8155948031232,3.00086061902753,33.2869780703304));
#3024=CARTESIAN_POINT('',(10.8155948031232,3.60172123805509,33.2869780703304));
#3025=CARTESIAN_POINT('',(11.1246117974981,3.00086061902753,34.2380345866255));
#3026=CARTESIAN_POINT('Origin',(20.5724838302366,-2.60000000000003,28.3155948031232));
#3027=CARTESIAN_POINT('',(22.1562695334127,-7.60000000000003,27.0942746786617));
#3028=CARTESIAN_POINT('',(22.1562695334128,-2.39999999999998,27.0942746786616));
#3029=CARTESIAN_POINT('',(22.1562695334128,-2.60000000000003,27.0942746786617));
#3030=CARTESIAN_POINT('',(21.7480543348215,-7.60000000000003,29.9336287918731));
#3031=CARTESIAN_POINT('Origin',(20.5724838302366,-7.60000000000003,28.3155948031232));
#3032=CARTESIAN_POINT('',(21.7480543348215,2.39999999999998,29.9336287918731));
#3033=CARTESIAN_POINT('',(21.7480543348215,-2.60000000000003,29.9336287918731));
#3034=CARTESIAN_POINT('Origin',(20.5724838302366,2.39999999999997,28.3155948031232));
#3035=CARTESIAN_POINT('',(18.9215226696556,-7.60000000000003,29.4444558425132));
#3036=CARTESIAN_POINT('Origin',(20.5724838302366,-7.60000000000003,28.3155948031232));
#3037=CARTESIAN_POINT('',(18.9215226696555,-2.39999999999998,29.4444558425133));
#3038=CARTESIAN_POINT('',(18.9215226696555,-2.60000000000003,29.4444558425133));
#3039=CARTESIAN_POINT('Origin',(20.5724838302366,-2.39999999999998,28.3155948031232));
#3040=CARTESIAN_POINT('Origin',(20.5724838302366,3.00086061902753,28.3155948031232));
#3041=CARTESIAN_POINT('',(20.5724838302366,3.60172123805509,28.3155948031232));
#3042=CARTESIAN_POINT('',(21.160269082529,3.00086061902753,29.1246117974981));
#3043=CARTESIAN_POINT('Origin',(28.3155948031232,-2.60000000000002,20.5724838302366));
#3044=CARTESIAN_POINT('',(29.4444558425132,-7.60000000000002,18.9215226696556));
#3045=CARTESIAN_POINT('',(29.4444558425133,-2.39999999999998,18.9215226696555));
#3046=CARTESIAN_POINT('',(29.4444558425133,-2.60000000000002,18.9215226696555));
#3047=CARTESIAN_POINT('',(29.9336287918731,-7.60000000000002,21.7480543348215));
#3048=CARTESIAN_POINT('Origin',(28.3155948031232,-7.60000000000002,20.5724838302366));
#3049=CARTESIAN_POINT('',(29.9336287918731,2.39999999999998,21.7480543348215));
#3050=CARTESIAN_POINT('',(29.9336287918731,-2.60000000000002,21.7480543348215));
#3051=CARTESIAN_POINT('Origin',(28.3155948031232,2.39999999999997,20.5724838302366));
#3052=CARTESIAN_POINT('',(27.0942746786617,-7.60000000000002,22.1562695334127));
#3053=CARTESIAN_POINT('Origin',(28.3155948031232,-7.60000000000002,20.5724838302366));
#3054=CARTESIAN_POINT('',(27.0942746786616,-2.39999999999998,22.1562695334128));
#3055=CARTESIAN_POINT('',(27.0942746786617,-2.60000000000003,22.1562695334128));
#3056=CARTESIAN_POINT('Origin',(28.3155948031232,-2.39999999999998,20.5724838302366));
#3057=CARTESIAN_POINT('Origin',(28.3155948031232,3.00086061902754,20.5724838302366));
#3058=CARTESIAN_POINT('',(28.3155948031232,3.6017212380551,20.5724838302366));
#3059=CARTESIAN_POINT('',(29.1246117974981,3.00086061902754,21.160269082529));
#3060=CARTESIAN_POINT('Origin',(33.2869780703304,-2.60000000000002,10.8155948031232));
#3061=CARTESIAN_POINT('',(33.8504136621615,-7.60000000000002,8.89660018774308));
#3062=CARTESIAN_POINT('',(33.8504136621615,-2.39999999999998,8.896600187743));
#3063=CARTESIAN_POINT('',(33.8504136621615,-2.60000000000002,8.89660018774304));
#3064=CARTESIAN_POINT('',(35.1890911029207,-7.60000000000002,11.433628791873));
#3065=CARTESIAN_POINT('Origin',(33.2869780703304,-7.60000000000002,10.8155948031232));
#3066=CARTESIAN_POINT('',(35.1890911029207,2.39999999999998,11.433628791873));
#3067=CARTESIAN_POINT('',(35.1890911029207,-2.60000000000002,11.433628791873));
#3068=CARTESIAN_POINT('Origin',(33.2869780703304,2.39999999999998,10.8155948031232));
#3069=CARTESIAN_POINT('',(32.6148503052084,-7.60000000000002,12.6992731905747));
#3070=CARTESIAN_POINT('Origin',(33.2869780703304,-7.60000000000002,10.8155948031232));
#3071=CARTESIAN_POINT('',(32.6148503052084,-2.39999999999998,12.6992731905748));
#3072=CARTESIAN_POINT('',(32.6148503052084,-2.60000000000002,12.6992731905747));
#3073=CARTESIAN_POINT('Origin',(33.2869780703304,-2.39999999999998,10.8155948031232));
#3074=CARTESIAN_POINT('Origin',(33.2869780703304,3.00086061902754,10.8155948031232));
#3075=CARTESIAN_POINT('',(33.2869780703304,3.6017212380551,10.8155948031232));
#3076=CARTESIAN_POINT('',(34.2380345866255,3.00086061902754,11.1246117974981));
#3077=CARTESIAN_POINT('Origin',(35.,-2.60000000000002,-6.22992034048145E-15));
#3078=CARTESIAN_POINT('',(34.9428571428572,-7.60000000000002,-1.99918350680406));
#3079=CARTESIAN_POINT('',(34.9428571428572,-2.39999999999998,-1.99918350680415));
#3080=CARTESIAN_POINT('',(34.9428571428572,-2.60000000000002,-1.99918350680411));
#3081=CARTESIAN_POINT('',(37.,-7.60000000000002,-6.12376885873012E-15));
#3082=CARTESIAN_POINT('Origin',(35.,-7.60000000000002,-6.22992034048145E-15));
#3083=CARTESIAN_POINT('',(37.,2.39999999999998,-6.12376885873012E-15));
#3084=CARTESIAN_POINT('',(37.,-2.60000000000002,-6.12376885873012E-15));
#3085=CARTESIAN_POINT('Origin',(35.,2.39999999999998,-4.00947429123113E-15));
#3086=CARTESIAN_POINT('',(34.9428571428572,-7.60000000000002,1.99918350680405));
#3087=CARTESIAN_POINT('Origin',(35.,-7.60000000000002,-6.22992034048145E-15));
#3088=CARTESIAN_POINT('',(34.9428571428572,-2.39999999999998,1.99918350680414));
#3089=CARTESIAN_POINT('',(34.9428571428572,-2.60000000000002,1.9991835068041));
#3090=CARTESIAN_POINT('Origin',(35.,-2.39999999999998,-6.22992034048145E-15));
#3091=CARTESIAN_POINT('Origin',(35.,3.00086061902754,-4.00947429123113E-15));
#3092=CARTESIAN_POINT('',(35.,3.6017212380551,-4.00947429123113E-15));
#3093=CARTESIAN_POINT('',(36.,3.00086061902754,-3.95639855035547E-15));
#3094=CARTESIAN_POINT('Origin',(33.2869780703304,-2.60000000000002,-10.8155948031232));
#3095=CARTESIAN_POINT('',(32.6148503052084,-7.60000000000002,-12.6992731905747));
#3096=CARTESIAN_POINT('',(32.6148503052084,-2.39999999999998,-12.6992731905748));
#3097=CARTESIAN_POINT('',(32.6148503052084,-2.60000000000002,-12.6992731905747));
#3098=CARTESIAN_POINT('',(35.1890911029207,-7.60000000000002,-11.4336287918731));
#3099=CARTESIAN_POINT('Origin',(33.2869780703304,-7.60000000000002,-10.8155948031232));
#3100=CARTESIAN_POINT('',(35.1890911029207,2.39999999999998,-11.4336287918731));
#3101=CARTESIAN_POINT('',(35.1890911029207,-2.60000000000002,-11.4336287918731));
#3102=CARTESIAN_POINT('Origin',(33.2869780703304,2.39999999999998,-10.8155948031232));
#3103=CARTESIAN_POINT('',(33.8504136621615,-7.60000000000002,-8.89660018774309));
#3104=CARTESIAN_POINT('Origin',(33.2869780703304,-7.60000000000002,-10.8155948031232));
#3105=CARTESIAN_POINT('',(33.8504136621615,-2.39999999999998,-8.89660018774301));
#3106=CARTESIAN_POINT('',(33.8504136621615,-2.60000000000002,-8.89660018774304));
#3107=CARTESIAN_POINT('Origin',(33.2869780703304,-2.39999999999998,-10.8155948031232));
#3108=CARTESIAN_POINT('Origin',(33.2869780703304,3.00086061902754,-10.8155948031232));
#3109=CARTESIAN_POINT('',(33.2869780703304,3.6017212380551,-10.8155948031232));
#3110=CARTESIAN_POINT('',(34.2380345866255,3.00086061902754,-11.1246117974981));
#3111=CARTESIAN_POINT('Origin',(28.3155948031232,-2.60000000000002,-20.5724838302366));
#3112=CARTESIAN_POINT('',(27.0942746786617,-7.60000000000002,-22.1562695334127));
#3113=CARTESIAN_POINT('',(27.0942746786616,-2.39999999999998,-22.1562695334128));
#3114=CARTESIAN_POINT('',(27.0942746786617,-2.60000000000003,-22.1562695334128));
#3115=CARTESIAN_POINT('',(29.9336287918731,-7.60000000000002,-21.7480543348215));
#3116=CARTESIAN_POINT('Origin',(28.3155948031232,-7.60000000000002,-20.5724838302366));
#3117=CARTESIAN_POINT('',(29.9336287918731,2.39999999999998,-21.7480543348215));
#3118=CARTESIAN_POINT('',(29.9336287918731,-2.60000000000002,-21.7480543348215));
#3119=CARTESIAN_POINT('Origin',(28.3155948031232,2.39999999999998,-20.5724838302366));
#3120=CARTESIAN_POINT('',(29.4444558425132,-7.60000000000002,-18.9215226696556));
#3121=CARTESIAN_POINT('Origin',(28.3155948031232,-7.60000000000002,-20.5724838302366));
#3122=CARTESIAN_POINT('',(29.4444558425133,-2.39999999999998,-18.9215226696555));
#3123=CARTESIAN_POINT('',(29.4444558425133,-2.60000000000002,-18.9215226696555));
#3124=CARTESIAN_POINT('Origin',(28.3155948031232,-2.39999999999998,-20.5724838302366));
#3125=CARTESIAN_POINT('Origin',(28.3155948031232,3.00086061902754,-20.5724838302366));
#3126=CARTESIAN_POINT('',(28.3155948031232,3.6017212380551,-20.5724838302366));
#3127=CARTESIAN_POINT('',(29.1246117974981,3.00086061902754,-21.160269082529));
#3128=CARTESIAN_POINT('Origin',(20.5724838302366,-2.60000000000003,-28.3155948031232));
#3129=CARTESIAN_POINT('',(18.9215226696556,-7.60000000000003,-29.4444558425132));
#3130=CARTESIAN_POINT('',(18.9215226696555,-2.39999999999998,-29.4444558425133));
#3131=CARTESIAN_POINT('',(18.9215226696555,-2.60000000000003,-29.4444558425133));
#3132=CARTESIAN_POINT('',(21.7480543348215,-7.60000000000003,-29.9336287918731));
#3133=CARTESIAN_POINT('Origin',(20.5724838302366,-7.60000000000003,-28.3155948031232));
#3134=CARTESIAN_POINT('',(21.7480543348215,2.39999999999997,-29.9336287918731));
#3135=CARTESIAN_POINT('',(21.7480543348215,-2.60000000000003,-29.9336287918731));
#3136=CARTESIAN_POINT('Origin',(20.5724838302366,2.39999999999997,-28.3155948031232));
#3137=CARTESIAN_POINT('',(22.1562695334127,-7.60000000000003,-27.0942746786617));
#3138=CARTESIAN_POINT('Origin',(20.5724838302366,-7.60000000000003,-28.3155948031232));
#3139=CARTESIAN_POINT('',(22.1562695334128,-2.39999999999998,-27.0942746786616));
#3140=CARTESIAN_POINT('',(22.1562695334128,-2.60000000000003,-27.0942746786617));
#3141=CARTESIAN_POINT('Origin',(20.5724838302366,-2.39999999999998,-28.3155948031232));
#3142=CARTESIAN_POINT('Origin',(20.5724838302366,3.00086061902753,-28.3155948031232));
#3143=CARTESIAN_POINT('',(20.5724838302366,3.6017212380551,-28.3155948031232));
#3144=CARTESIAN_POINT('',(21.160269082529,3.00086061902753,-29.1246117974981));
#3145=CARTESIAN_POINT('Origin',(10.8155948031232,-2.60000000000003,-33.2869780703304));
#3146=CARTESIAN_POINT('',(8.89660018774309,-7.60000000000003,-33.8504136621615));
#3147=CARTESIAN_POINT('',(8.896600187743,-2.39999999999999,-33.8504136621615));
#3148=CARTESIAN_POINT('',(8.89660018774304,-2.60000000000003,-33.8504136621615));
#3149=CARTESIAN_POINT('',(11.4336287918731,-7.60000000000003,-35.1890911029207));
#3150=CARTESIAN_POINT('Origin',(10.8155948031232,-7.60000000000003,-33.2869780703304));
#3151=CARTESIAN_POINT('',(11.433628791873,2.39999999999997,-35.1890911029207));
#3152=CARTESIAN_POINT('',(11.4336287918731,-2.60000000000003,-35.1890911029207));
#3153=CARTESIAN_POINT('Origin',(10.8155948031232,2.39999999999997,-33.2869780703304));
#3154=CARTESIAN_POINT('',(12.6992731905747,-7.60000000000003,-32.6148503052084));
#3155=CARTESIAN_POINT('Origin',(10.8155948031232,-7.60000000000003,-33.2869780703304));
#3156=CARTESIAN_POINT('',(12.6992731905748,-2.39999999999998,-32.6148503052084));
#3157=CARTESIAN_POINT('',(12.6992731905747,-2.60000000000003,-32.6148503052084));
#3158=CARTESIAN_POINT('Origin',(10.8155948031232,-2.39999999999999,-33.2869780703304));
#3159=CARTESIAN_POINT('Origin',(10.8155948031232,3.00086061902753,-33.2869780703304));
#3160=CARTESIAN_POINT('',(10.8155948031232,3.60172123805509,-33.2869780703304));
#3161=CARTESIAN_POINT('',(11.1246117974981,3.00086061902753,-34.2380345866255));
#3162=CARTESIAN_POINT('Origin',(-2.28877591720073E-15,-2.60000000000003,
-35.));
#3163=CARTESIAN_POINT('',(-1.99918350680406,-7.60000000000003,-34.9428571428572));
#3164=CARTESIAN_POINT('',(-1.99918350680415,-2.39999999999999,-34.9428571428572));
#3165=CARTESIAN_POINT('',(-1.99918350680411,-2.60000000000003,-34.9428571428572));
#3166=CARTESIAN_POINT('',(-6.51815936515213E-16,-7.60000000000003,-37.));
#3167=CARTESIAN_POINT('Origin',(-7.57967418266539E-16,-7.60000000000003,
-35.));
#3168=CARTESIAN_POINT('',(-3.7134329343836E-15,2.39999999999997,-37.));
#3169=CARTESIAN_POINT('',(-2.1826244354494E-15,-2.60000000000003,-37.));
#3170=CARTESIAN_POINT('Origin',(-6.83298679504173E-17,2.39999999999997,
-35.));
#3171=CARTESIAN_POINT('',(1.99918350680405,-7.60000000000003,-34.9428571428572));
#3172=CARTESIAN_POINT('Origin',(-7.57967418266539E-16,-7.60000000000003,
-35.));
#3173=CARTESIAN_POINT('',(1.99918350680414,-2.39999999999999,-34.9428571428572));
#3174=CARTESIAN_POINT('',(1.9991835068041,-2.60000000000003,-34.9428571428572));
#3175=CARTESIAN_POINT('Origin',(-2.35000825715811E-15,-2.39999999999999,
-35.));
#3176=CARTESIAN_POINT('Origin',(-6.83298679504173E-17,3.00086061902753,
-35.));
#3177=CARTESIAN_POINT('',(-6.83298679504173E-17,3.60172123805509,-35.));
#3178=CARTESIAN_POINT('',(-1.52541270747543E-17,3.00086061902753,-36.));
#3179=CARTESIAN_POINT('Origin',(-10.8155948031232,-2.60000000000004,-33.2869780703304));
#3180=CARTESIAN_POINT('',(-12.6992731905747,-7.60000000000004,-32.6148503052084));
#3181=CARTESIAN_POINT('',(-12.6992731905748,-2.39999999999999,-32.6148503052084));
#3182=CARTESIAN_POINT('',(-12.6992731905747,-2.60000000000004,-32.6148503052084));
#3183=CARTESIAN_POINT('',(-11.4336287918731,-7.60000000000004,-35.1890911029207));
#3184=CARTESIAN_POINT('Origin',(-10.8155948031232,-7.60000000000004,-33.2869780703304));
#3185=CARTESIAN_POINT('',(-11.4336287918731,2.39999999999996,-35.1890911029207));
#3186=CARTESIAN_POINT('',(-11.4336287918731,-2.60000000000004,-35.1890911029207));
#3187=CARTESIAN_POINT('Origin',(-10.8155948031232,2.39999999999996,-33.2869780703304));
#3188=CARTESIAN_POINT('',(-8.89660018774309,-7.60000000000004,-33.8504136621615));
#3189=CARTESIAN_POINT('Origin',(-10.8155948031232,-7.60000000000004,-33.2869780703304));
#3190=CARTESIAN_POINT('',(-8.89660018774301,-2.39999999999999,-33.8504136621615));
#3191=CARTESIAN_POINT('',(-8.89660018774305,-2.60000000000004,-33.8504136621615));
#3192=CARTESIAN_POINT('Origin',(-10.8155948031232,-2.39999999999999,-33.2869780703304));
#3193=CARTESIAN_POINT('Origin',(-10.8155948031232,3.00086061902752,-33.2869780703304));
#3194=CARTESIAN_POINT('',(-10.8155948031232,3.60172123805509,-33.2869780703304));
#3195=CARTESIAN_POINT('',(-11.1246117974981,3.00086061902752,-34.2380345866255));
#3196=CARTESIAN_POINT('Origin',(-20.5724838302366,-2.60000000000004,-28.3155948031232));
#3197=CARTESIAN_POINT('',(-22.1562695334127,-7.60000000000004,-27.0942746786617));
#3198=CARTESIAN_POINT('',(-22.1562695334128,-2.4,-27.0942746786616));
#3199=CARTESIAN_POINT('',(-22.1562695334128,-2.60000000000004,-27.0942746786617));
#3200=CARTESIAN_POINT('',(-21.7480543348215,-7.60000000000004,-29.9336287918731));
#3201=CARTESIAN_POINT('Origin',(-20.5724838302366,-7.60000000000004,-28.3155948031232));
#3202=CARTESIAN_POINT('',(-21.7480543348215,2.39999999999996,-29.9336287918731));
#3203=CARTESIAN_POINT('',(-21.7480543348215,-2.60000000000004,-29.9336287918731));
#3204=CARTESIAN_POINT('Origin',(-20.5724838302366,2.39999999999996,-28.3155948031232));
#3205=CARTESIAN_POINT('',(-18.9215226696556,-7.60000000000004,-29.4444558425132));
#3206=CARTESIAN_POINT('Origin',(-20.5724838302366,-7.60000000000004,-28.3155948031232));
#3207=CARTESIAN_POINT('',(-18.9215226696555,-2.39999999999999,-29.4444558425133));
#3208=CARTESIAN_POINT('',(-18.9215226696555,-2.60000000000004,-29.4444558425133));
#3209=CARTESIAN_POINT('Origin',(-20.5724838302366,-2.4,-28.3155948031232));
#3210=CARTESIAN_POINT('Origin',(-20.5724838302366,3.00086061902752,-28.3155948031232));
#3211=CARTESIAN_POINT('',(-20.5724838302366,3.60172123805508,-28.3155948031232));
#3212=CARTESIAN_POINT('',(-21.160269082529,3.00086061902752,-29.1246117974981));
#3213=CARTESIAN_POINT('Origin',(-28.3155948031232,-2.60000000000004,-20.5724838302366));
#3214=CARTESIAN_POINT('',(-29.4444558425132,-7.60000000000004,-18.9215226696556));
#3215=CARTESIAN_POINT('',(-29.4444558425133,-2.4,-18.9215226696555));
#3216=CARTESIAN_POINT('',(-29.4444558425133,-2.60000000000004,-18.9215226696555));
#3217=CARTESIAN_POINT('',(-29.9336287918731,-7.60000000000004,-21.7480543348215));
#3218=CARTESIAN_POINT('Origin',(-28.3155948031232,-7.60000000000004,-20.5724838302366));
#3219=CARTESIAN_POINT('',(-29.9336287918731,2.39999999999996,-21.7480543348215));
#3220=CARTESIAN_POINT('',(-29.9336287918731,-2.60000000000004,-21.7480543348215));
#3221=CARTESIAN_POINT('Origin',(-28.3155948031232,2.39999999999996,-20.5724838302366));
#3222=CARTESIAN_POINT('',(-27.0942746786617,-7.60000000000004,-22.1562695334127));
#3223=CARTESIAN_POINT('Origin',(-28.3155948031232,-7.60000000000004,-20.5724838302366));
#3224=CARTESIAN_POINT('',(-27.0942746786616,-2.4,-22.1562695334128));
#3225=CARTESIAN_POINT('',(-27.0942746786617,-2.60000000000004,-22.1562695334128));
#3226=CARTESIAN_POINT('Origin',(-28.3155948031232,-2.4,-20.5724838302366));
#3227=CARTESIAN_POINT('Origin',(-28.3155948031232,3.00086061902752,-20.5724838302366));
#3228=CARTESIAN_POINT('',(-28.3155948031232,3.60172123805508,-20.5724838302366));
#3229=CARTESIAN_POINT('',(-29.1246117974981,3.00086061902752,-21.160269082529));
#3230=CARTESIAN_POINT('Origin',(-33.2869780703304,-2.60000000000004,-10.8155948031232));
#3231=CARTESIAN_POINT('',(-33.8504136621615,-7.60000000000004,-8.89660018774309));
#3232=CARTESIAN_POINT('',(-33.8504136621615,-2.4,-8.896600187743));
#3233=CARTESIAN_POINT('',(-33.8504136621615,-2.60000000000004,-8.89660018774304));
#3234=CARTESIAN_POINT('',(-35.1890911029207,-7.60000000000004,-11.4336287918731));
#3235=CARTESIAN_POINT('Origin',(-33.2869780703304,-7.60000000000004,-10.8155948031232));
#3236=CARTESIAN_POINT('',(-35.1890911029207,2.39999999999996,-11.4336287918731));
#3237=CARTESIAN_POINT('',(-35.1890911029207,-2.60000000000004,-11.4336287918731));
#3238=CARTESIAN_POINT('Origin',(-33.2869780703304,2.39999999999996,-10.8155948031232));
#3239=CARTESIAN_POINT('',(-32.6148503052084,-7.60000000000004,-12.6992731905747));
#3240=CARTESIAN_POINT('Origin',(-33.2869780703304,-7.60000000000004,-10.8155948031232));
#3241=CARTESIAN_POINT('',(-32.6148503052084,-2.4,-12.6992731905748));
#3242=CARTESIAN_POINT('',(-32.6148503052084,-2.60000000000004,-12.6992731905747));
#3243=CARTESIAN_POINT('Origin',(-33.2869780703304,-2.4,-10.8155948031232));
#3244=CARTESIAN_POINT('Origin',(-33.2869780703304,3.00086061902752,-10.8155948031232));
#3245=CARTESIAN_POINT('',(-33.2869780703304,3.60172123805508,-10.8155948031232));
#3246=CARTESIAN_POINT('',(-34.2380345866255,3.00086061902752,-11.1246117974981));
#3247=CARTESIAN_POINT('Origin',(29.,-2.39999999999998,0.));
#3248=CARTESIAN_POINT('',(-34.9428571428572,-2.4,1.99918350680414));
#3249=CARTESIAN_POINT('Origin',(-6.61309271539575E-16,-2.39999999999999,
0.));
#3250=CARTESIAN_POINT('',(-34.9428571428572,-2.4,-1.99918350680414));
#3251=CARTESIAN_POINT('Origin',(-35.,-2.4,0.));
#3252=CARTESIAN_POINT('Origin',(-6.61309271539575E-16,-2.39999999999999,
0.));
#3253=CARTESIAN_POINT('Origin',(-6.61309271539575E-16,-2.39999999999999,
0.));
#3254=CARTESIAN_POINT('Origin',(-6.61309271539575E-16,-2.39999999999999,
0.));
#3255=CARTESIAN_POINT('Origin',(-6.61309271539575E-16,-2.39999999999999,
0.));
#3256=CARTESIAN_POINT('Origin',(-6.61309271539575E-16,-2.39999999999999,
0.));
#3257=CARTESIAN_POINT('Origin',(-6.61309271539575E-16,-2.39999999999999,
0.));
#3258=CARTESIAN_POINT('Origin',(-6.61309271539575E-16,-2.39999999999999,
0.));
#3259=CARTESIAN_POINT('Origin',(-6.61309271539575E-16,-2.39999999999999,
0.));
#3260=CARTESIAN_POINT('Origin',(-6.61309271539575E-16,-2.39999999999999,
0.));
#3261=CARTESIAN_POINT('Origin',(-6.61309271539575E-16,-2.39999999999999,
0.));
#3262=CARTESIAN_POINT('Origin',(-6.61309271539575E-16,-2.39999999999999,
0.));
#3263=CARTESIAN_POINT('Origin',(-6.61309271539575E-16,-2.39999999999999,
0.));
#3264=CARTESIAN_POINT('Origin',(-6.61309271539575E-16,-2.39999999999999,
0.));
#3265=CARTESIAN_POINT('Origin',(-6.61309271539575E-16,-2.39999999999999,
0.));
#3266=CARTESIAN_POINT('Origin',(-6.61309271539575E-16,-2.39999999999999,
0.));
#3267=CARTESIAN_POINT('Origin',(-6.61309271539575E-16,-2.39999999999999,
0.));
#3268=CARTESIAN_POINT('Origin',(-6.61309271539575E-16,-2.39999999999999,
0.));
#3269=CARTESIAN_POINT('Origin',(-6.61309271539575E-16,-2.39999999999999,
0.));
#3270=CARTESIAN_POINT('Origin',(-6.61309271539575E-16,-2.39999999999999,
0.));
#3271=CARTESIAN_POINT('',(-29.,-2.4,-3.55147571752732E-15));
#3272=CARTESIAN_POINT('Origin',(-6.61309271539575E-16,-2.39999999999999,
0.));
#3273=CARTESIAN_POINT('Origin',(1.34711147906211E-16,-5.00000000000001,
0.));
#3274=CARTESIAN_POINT('',(-34.9428571428572,-7.60000000000005,1.99918350680405));
#3275=CARTESIAN_POINT('Origin',(9.30731567351999E-16,-7.60000000000003,
0.));
#3276=CARTESIAN_POINT('',(-34.9428571428572,-2.60000000000004,1.9991835068041));
#3277=CARTESIAN_POINT('Origin',(1.34711147906211E-16,-5.00000000000001,
0.));
#3278=CARTESIAN_POINT('',(-34.9428571428572,-7.60000000000005,-1.99918350680405));
#3279=CARTESIAN_POINT('',(-34.9428571428572,-2.60000000000004,-1.9991835068041));
#3280=CARTESIAN_POINT('Origin',(9.30731567351999E-16,-7.60000000000003,
0.));
#3281=CARTESIAN_POINT('Origin',(1.34711147906211E-16,-5.00000000000001,
0.));
#3282=CARTESIAN_POINT('Origin',(9.30731567351999E-16,-7.60000000000003,
0.));
#3283=CARTESIAN_POINT('Origin',(1.34711147906211E-16,-5.00000000000001,
0.));
#3284=CARTESIAN_POINT('Origin',(9.30731567351999E-16,-7.60000000000003,
0.));
#3285=CARTESIAN_POINT('Origin',(1.34711147906211E-16,-5.00000000000001,
0.));
#3286=CARTESIAN_POINT('Origin',(9.30731567351999E-16,-7.60000000000003,
0.));
#3287=CARTESIAN_POINT('Origin',(1.34711147906211E-16,-5.00000000000001,
0.));
#3288=CARTESIAN_POINT('Origin',(9.30731567351999E-16,-7.60000000000003,
0.));
#3289=CARTESIAN_POINT('Origin',(1.34711147906211E-16,-5.00000000000001,
0.));
#3290=CARTESIAN_POINT('Origin',(9.30731567351999E-16,-7.60000000000003,
0.));
#3291=CARTESIAN_POINT('Origin',(1.34711147906211E-16,-5.00000000000001,
0.));
#3292=CARTESIAN_POINT('Origin',(9.30731567351999E-16,-7.60000000000003,
0.));
#3293=CARTESIAN_POINT('Origin',(1.34711147906211E-16,-5.00000000000001,
0.));
#3294=CARTESIAN_POINT('Origin',(9.30731567351999E-16,-7.60000000000003,
0.));
#3295=CARTESIAN_POINT('Origin',(1.34711147906211E-16,-5.00000000000001,
0.));
#3296=CARTESIAN_POINT('Origin',(9.30731567351999E-16,-7.60000000000003,
0.));
#3297=CARTESIAN_POINT('Origin',(1.34711147906211E-16,-5.00000000000001,
0.));
#3298=CARTESIAN_POINT('Origin',(9.30731567351999E-16,-7.60000000000003,
0.));
#3299=CARTESIAN_POINT('Origin',(1.34711147906211E-16,-5.00000000000001,
0.));
#3300=CARTESIAN_POINT('Origin',(9.30731567351999E-16,-7.60000000000003,
0.));
#3301=CARTESIAN_POINT('Origin',(1.34711147906211E-16,-5.00000000000001,
0.));
#3302=CARTESIAN_POINT('Origin',(9.30731567351999E-16,-7.60000000000003,
0.));
#3303=CARTESIAN_POINT('Origin',(1.34711147906211E-16,-5.00000000000001,
0.));
#3304=CARTESIAN_POINT('Origin',(9.30731567351999E-16,-7.60000000000003,
0.));
#3305=CARTESIAN_POINT('Origin',(1.34711147906211E-16,-5.00000000000001,
0.));
#3306=CARTESIAN_POINT('Origin',(9.30731567351999E-16,-7.60000000000003,
0.));
#3307=CARTESIAN_POINT('Origin',(1.34711147906211E-16,-5.00000000000001,
0.));
#3308=CARTESIAN_POINT('Origin',(9.30731567351999E-16,-7.60000000000003,
0.));
#3309=CARTESIAN_POINT('Origin',(1.34711147906211E-16,-5.00000000000001,
0.));
#3310=CARTESIAN_POINT('Origin',(9.30731567351999E-16,-7.60000000000003,
0.));
#3311=CARTESIAN_POINT('Origin',(1.34711147906211E-16,-5.00000000000001,
0.));
#3312=CARTESIAN_POINT('Origin',(9.30731567351999E-16,-7.60000000000003,
0.));
#3313=CARTESIAN_POINT('Origin',(1.34711147906211E-16,-5.00000000000001,
0.));
#3314=CARTESIAN_POINT('Origin',(9.30731567351999E-16,-7.60000000000003,
0.));
#3315=CARTESIAN_POINT('Origin',(-35.,-2.60000000000004,0.));
#3316=CARTESIAN_POINT('',(-37.,-7.60000000000005,-2.44929359829471E-16));
#3317=CARTESIAN_POINT('Origin',(-35.,-7.60000000000004,0.));
#3318=CARTESIAN_POINT('',(-37.,2.39999999999996,-2.44929359829471E-16));
#3319=CARTESIAN_POINT('',(-37.,-2.60000000000004,-2.44929359829471E-16));
#3320=CARTESIAN_POINT('Origin',(-35.,2.39999999999996,0.));
#3321=CARTESIAN_POINT('Origin',(-35.,-7.60000000000004,0.));
#3322=CARTESIAN_POINT('Origin',(-35.,3.00086061902752,0.));
#3323=CARTESIAN_POINT('',(-35.,3.60172123805508,0.));
#3324=CARTESIAN_POINT('',(-36.,3.00086061902752,-1.22464679914735E-16));
#3325=CARTESIAN_POINT('Origin',(-1.39609735102798E-15,-3.33066907387547E-15,
0.));
#3326=CARTESIAN_POINT('',(-42.5,-7.60000000000001,-5.20474889637625E-15));
#3327=CARTESIAN_POINT('Origin',(9.30731567351986E-16,-7.59999999999999,
0.));
#3328=CARTESIAN_POINT('',(-42.5,-1.63425413148161E-14,-5.20474889637625E-15));
#3329=CARTESIAN_POINT('Origin',(35.,-7.60000000000002,0.));
#3330=CARTESIAN_POINT('Origin',(9.30731567351999E-16,-7.60000000000003,
0.));
#3331=CARTESIAN_POINT('Origin',(1.34711147906211E-16,-5.00000000000001,
0.));
#3332=CARTESIAN_POINT('Origin',(-1.73287522079351E-15,1.10000000000001,
0.));
#3333=CARTESIAN_POINT('',(-29.,4.6,-3.55147571752732E-15));
#3334=CARTESIAN_POINT('',(-29.,1.1,-3.55147571752732E-15));
#3335=CARTESIAN_POINT('Origin',(-2.80444117004744E-15,4.60000000000001,
0.));
#3336=CARTESIAN_POINT('Origin',(24.,4.60000000000002,0.));
#3337=CARTESIAN_POINT('',(-24.,4.6,-2.93915231795365E-15));
#3338=CARTESIAN_POINT('Origin',(-2.80444117004744E-15,4.60000000000001,
0.));
#3339=CARTESIAN_POINT('Origin',(-3.2636837197277E-15,6.10000000000001,0.));
#3340=CARTESIAN_POINT('',(-24.,6.1,-2.93915231795365E-15));
#3341=UNCERTAINTY_MEASURE_WITH_UNIT(LENGTH_MEASURE(0.01),#3345,
'DISTANCE_ACCURACY_VALUE',
'Maximum model space distance between geometric entities at asserted c
onnectivities');
#3342=UNCERTAINTY_MEASURE_WITH_UNIT(LENGTH_MEASURE(0.01),#3345,
'DISTANCE_ACCURACY_VALUE',
'Maximum model space distance between geometric entities at asserted c
onnectivities');
#3343=(
GEOMETRIC_REPRESENTATION_CONTEXT(3)
GLOBAL_UNCERTAINTY_ASSIGNED_CONTEXT((#3341))
GLOBAL_UNIT_ASSIGNED_CONTEXT((#3345,#3347,#3348))
REPRESENTATION_CONTEXT('','3D')
);
#3344=(
GEOMETRIC_REPRESENTATION_CONTEXT(3)
GLOBAL_UNCERTAINTY_ASSIGNED_CONTEXT((#3342))
GLOBAL_UNIT_ASSIGNED_CONTEXT((#3345,#3347,#3348))
REPRESENTATION_CONTEXT('','3D')
);
#3345=(
LENGTH_UNIT()
NAMED_UNIT(*)
SI_UNIT(.MILLI.,.METRE.)
);
#3346=(
LENGTH_UNIT()
NAMED_UNIT(*)
SI_UNIT(.CENTI.,.METRE.)
);
#3347=(
NAMED_UNIT(*)
PLANE_ANGLE_UNIT()
SI_UNIT($,.RADIAN.)
);
#3348=(
NAMED_UNIT(*)
SI_UNIT($,.STERADIAN.)
SOLID_ANGLE_UNIT()
);
#3349=SHAPE_DEFINITION_REPRESENTATION(#3350,#3351);
#3350=PRODUCT_DEFINITION_SHAPE('',$,#3353);
#3351=SHAPE_REPRESENTATION('',(#1893),#3343);
#3352=PRODUCT_DEFINITION_CONTEXT('part definition',#3357,'design');
#3353=PRODUCT_DEFINITION('Case_GB','Case_GB',#3354,#3352);
#3354=PRODUCT_DEFINITION_FORMATION('',$,#3359);
#3355=PRODUCT_RELATED_PRODUCT_CATEGORY('Case_GB','Case_GB',(#3359));
#3356=APPLICATION_PROTOCOL_DEFINITION('international standard',
'automotive_design',2009,#3357);
#3357=APPLICATION_CONTEXT(
'Core Data for Automotive Mechanical Design Process');
#3358=PRODUCT_CONTEXT('part definition',#3357,'mechanical');
#3359=PRODUCT('Case_GB','Case_GB',$,(#3358));
#3360=PRESENTATION_STYLE_ASSIGNMENT((#3361));
#3361=SURFACE_STYLE_USAGE(.BOTH.,#3364);
#3362=SURFACE_STYLE_RENDERING_WITH_PROPERTIES($,#3368,(#3363));
#3363=SURFACE_STYLE_TRANSPARENT(0.);
#3364=SURFACE_SIDE_STYLE('',(#3365,#3362));
#3365=SURFACE_STYLE_FILL_AREA(#3366);
#3366=FILL_AREA_STYLE('',(#3367));
#3367=FILL_AREA_STYLE_COLOUR('',#3368);
#3368=COLOUR_RGB('',0.749019607843137,0.749019607843137,0.749019607843137);
ENDSEC;
END-ISO-10303-21;
